station_id,longitude,latitude,time,AtmosphericPressure,WindDirection,WindSpeed,Gust,WaveHeight,WavePeriod,MeanWaveDirection,Hmax,AirTemperature,DewPoint,SeaTemperature,salinity,RelativeHumidity,QC_Flag
M4,-9.999136,54.999966,2010-01-01T00:00:00Z,1011.2,10,12,20,3.2,7,NaN,NaN,4.7,1.1,10.2,NaN,78,1
M3,-10.548261,51.215958,2010-01-01T00:00:00Z,1009.4,30,17,25,2.9,7,NaN,NaN,5.7,-1.2,10.4,NaN,61,1
M6,-15.88135,53.07482,2010-01-01T00:00:00Z,1015.8,20,18,33,4.5,8,NaN,NaN,7,0.9,11.4,NaN,65,1
M2,-5.424046,53.481003,2010-01-01T00:00:00Z,1007.2,50,17,25,1.6,4,NaN,NaN,5.5,-1.1,10.3,NaN,62,1
M5,-6.704336,51.690426,2010-01-01T00:00:00Z,1006.2,NaN,NaN,NaN,2.2,5,NaN,NaN,5.3,1.7,10.6,NaN,78,1
M3,-10.548261,51.215958,2010-01-01T01:00:00Z,1009,20,18,25,2.9,6,NaN,NaN,5.3,-0.3,10.4,NaN,67,1
M6,-15.88135,53.07482,2010-01-01T01:00:00Z,1015.6,40,17,31,3.5,7,NaN,NaN,6.7,2.3,11.4,NaN,74,1
M5,-6.704336,51.690426,2010-01-01T01:00:00Z,1006.6,NaN,NaN,NaN,1.8,5,NaN,NaN,4.4,1.5,10.6,NaN,81,1
M4,-9.999136,54.999966,2010-01-01T01:00:00Z,1011,360,12,20,3.2,7,NaN,NaN,4.5,1.5,10.2,NaN,81,1
M2,-5.424046,53.481003,2010-01-01T01:00:00Z,1007.4,40,17,23,1.5,4,NaN,NaN,5.4,-0.6,10.3,NaN,65,1
M2,-5.424046,53.481003,2010-01-01T02:00:00Z,1007.4,50,16,21,1.6,4,NaN,NaN,5.1,-2.5,10.3,NaN,58,1
M3,-10.548261,51.215958,2010-01-01T02:00:00Z,1008.8,20,17,23,2.7,6,NaN,NaN,5.2,0.2,10.4,NaN,70,1
M6,-15.88135,53.07482,2010-01-01T02:00:00Z,1015.2,360,10,35,3.9,8,NaN,NaN,5.5,1.5,11.4,NaN,75,1
M4,-9.999136,54.999966,2010-01-01T02:00:00Z,1011,20,13,18,2.7,6,NaN,NaN,4.3,1.4,10.2,NaN,81,1
M5,-6.704336,51.690426,2010-01-01T02:00:00Z,1006.4,NaN,NaN,NaN,1.7,5,NaN,NaN,4.5,2.3,10.6,NaN,86,1
M4,-9.999136,54.999966,2010-01-01T03:00:00Z,1010.4,20,13,20,2.9,6,NaN,NaN,4.2,1.6,10.1,NaN,83,1
M2,-5.424046,53.481003,2010-01-01T03:00:00Z,1007.6,40,16,21,1.5,4,NaN,NaN,5.1,-0.1,10.4,NaN,69,1
M3,-10.548261,51.215958,2010-01-01T03:00:00Z,1009,30,16,23,2.7,6,NaN,NaN,5.3,-1,10.4,NaN,64,1
M6,-15.88135,53.07482,2010-01-01T03:00:00Z,1014.6,60,17,25,3.9,7,NaN,NaN,6.3,2.4,11.4,NaN,76,1
M5,-6.704336,51.690426,2010-01-01T03:00:00Z,1007,NaN,NaN,NaN,1.6,5,NaN,NaN,1.7,NaN,10.6,NaN,91,1
M3,-10.548261,51.215958,2010-01-01T04:00:00Z,1009,30,15,25,2.5,6,NaN,NaN,5.2,-0.2,10.4,NaN,68,1
M4,-9.999136,54.999966,2010-01-01T04:00:00Z,1010.4,30,8,16,2.5,7,NaN,NaN,4.6,1.3,10.1,NaN,79,1
M5,-6.704336,51.690426,2010-01-01T04:00:00Z,1006.6,NaN,NaN,NaN,1.7,5,NaN,NaN,5.3,1.8,10.6,NaN,78,1
M6,-15.88135,53.07482,2010-01-01T04:00:00Z,1014.6,30,14,25,3.4,7,NaN,NaN,6.1,2.1,11.4,NaN,76,1
M2,-5.424046,53.481003,2010-01-01T04:00:00Z,1008,30,16,23,1.3,4,NaN,NaN,4.9,-0.6,10.3,NaN,68,1
M3,-10.548261,51.215958,2010-01-01T05:00:00Z,1009.4,30,15,23,2.5,6,NaN,NaN,5.2,-0.9,10.4,NaN,65,1
M4,-9.999136,54.999966,2010-01-01T05:00:00Z,1010.4,20,7,14,2.5,7,NaN,NaN,3.9,0.3,10.1,NaN,77,1
M6,-15.88135,53.07482,2010-01-01T05:00:00Z,1014,30,9,23,3,7,NaN,NaN,6.5,1.8,11.4,NaN,72,1
M5,-6.704336,51.690426,2010-01-01T05:00:00Z,1006.8,NaN,NaN,NaN,1.6,5,NaN,NaN,4.8,1.8,10.6,NaN,81,1
M2,-5.424046,53.481003,2010-01-01T05:00:00Z,1008,40,15,21,1.2,4,NaN,NaN,4.8,-1.1,10.3,NaN,66,1
M4,-9.999136,54.999966,2010-01-01T06:00:00Z,1010.2,60,5,10,2.2,7,NaN,NaN,5,-0.3,10.2,NaN,69,1
M5,-6.704336,51.690426,2010-01-01T06:00:00Z,1007.4,NaN,NaN,NaN,1.6,5,NaN,NaN,5,1.4,10.6,NaN,78,1
M6,-15.88135,53.07482,2010-01-01T06:00:00Z,1013.6,30,16,23,3.2,7,NaN,NaN,6.5,1,11.4,NaN,68,1
M2,-5.424046,53.481003,2010-01-01T06:00:00Z,1008.4,40,13,20,1.2,4,NaN,NaN,4.9,-1.5,10.3,NaN,63,1
M3,-10.548261,51.215958,2010-01-01T06:00:00Z,1009.4,40,12,20,2.7,7,NaN,NaN,5.1,-0.7,10.4,NaN,66,1
M2,-5.424046,53.481003,2010-01-01T07:00:00Z,1008.4,30,12,20,0.8,4,NaN,NaN,5.2,-1,10.3,NaN,64,1
M3,-10.548261,51.215958,2010-01-01T07:00:00Z,1009.6,40,8,16,2.2,6,NaN,NaN,5.1,-0.6,10.4,NaN,67,1
M5,-6.704336,51.690426,2010-01-01T07:00:00Z,1007.6,NaN,NaN,NaN,1.5,5,NaN,NaN,4.6,1.3,10.5,NaN,79,1
M4,-9.999136,54.999966,2010-01-01T07:00:00Z,1010.4,40,5,10,2.5,7,NaN,NaN,5.5,1.3,10.2,NaN,74,1
M6,-15.88135,53.07482,2010-01-01T07:00:00Z,1013.6,10,15,29,3,7,NaN,NaN,6.9,1.5,11.4,NaN,68,1
M6,-15.88135,53.07482,2010-01-01T08:00:00Z,1013.6,40,11,25,3.2,7,NaN,NaN,5.3,1.5,11.4,NaN,76,1
M3,-10.548261,51.215958,2010-01-01T08:00:00Z,1010,30,8,14,2.2,7,NaN,NaN,5.1,-1,10.4,NaN,65,1
M5,-6.704336,51.690426,2010-01-01T08:00:00Z,1008.2,NaN,NaN,NaN,1.3,4,NaN,NaN,4.7,0.6,10.5,NaN,75,1
M4,-9.999136,54.999966,2010-01-01T08:00:00Z,1010.6,110,4,12,2.2,6,NaN,NaN,5.1,0.4,10.2,NaN,72,1
M2,-5.424046,53.481003,2010-01-01T08:00:00Z,1008.4,20,11,18,0.8,5,NaN,NaN,5.1,-1,10.3,NaN,65,1
M2,-5.424046,53.481003,2010-01-01T09:00:00Z,1008.6,20,13,18,0.6,5,NaN,NaN,5.5,-0.5,10.3,NaN,65,1
M4,-9.999136,54.999966,2010-01-01T09:00:00Z,1011,110,5,10,2.2,7,NaN,NaN,5.6,-1.1,10.1,NaN,62,1
M3,-10.548261,51.215958,2010-01-01T09:00:00Z,1010.6,50,7,14,2.2,7,NaN,NaN,5,-1,10.4,NaN,65,1
M6,-15.88135,53.07482,2010-01-01T09:00:00Z,1013.6,20,8,23,2.7,7,NaN,NaN,5.6,1.9,11.4,NaN,77,1
M5,-6.704336,51.690426,2010-01-01T09:00:00Z,NaN,NaN,NaN,NaN,NaN,NaN,NaN,NaN,3.9,NaN,10.5,NaN,NaN,1
M2,-5.424046,53.481003,2010-01-01T10:00:00Z,1008.8,360,14,21,0.8,5,NaN,NaN,5.7,-1.9,10.2,NaN,58,1
M3,-10.548261,51.215958,2010-01-01T10:00:00Z,1011,50,9,14,2.2,7,NaN,NaN,5,-2,10.4,NaN,60,1
M6,-15.88135,53.07482,2010-01-01T10:00:00Z,1013.6,50,11,31,2.9,7,NaN,NaN,5.4,1.9,11.4,NaN,78,1
M4,-9.999136,54.999966,2010-01-01T10:00:00Z,1011.8,130,4,8,2.2,7,NaN,NaN,5.7,-2,10.1,NaN,58,1
M5,-6.704336,51.690426,2010-01-01T10:00:00Z,NaN,NaN,NaN,NaN,NaN,NaN,NaN,NaN,4.4,NaN,10.5,NaN,NaN,1
M4,-9.999136,54.999966,2010-01-01T11:00:00Z,1012.2,130,4,8,2,7,NaN,NaN,5.8,-1.2,10.1,NaN,61,1
M6,-15.88135,53.07482,2010-01-01T11:00:00Z,1013.6,40,12,23,3,7,NaN,NaN,6.4,1.8,11.4,NaN,72,1
M2,-5.424046,53.481003,2010-01-01T11:00:00Z,1009.2,330,14,21,1.1,4,NaN,NaN,5.7,-1,10.2,NaN,62,1
M3,-10.548261,51.215958,2010-01-01T11:00:00Z,1011.2,60,6,14,2.2,7,NaN,NaN,5,-1.5,10.4,NaN,63,1
M6,-15.88135,53.07482,2010-01-01T12:00:00Z,1013.6,30,19,25,2.5,7,NaN,NaN,5.9,1.5,11.4,NaN,73,1
M4,-9.999136,54.999966,2010-01-01T12:00:00Z,1012.6,80,3,NaN,2.4,7,NaN,NaN,5.7,-1.8,10.1,NaN,58,1
M2,-5.424046,53.481003,2010-01-01T12:00:00Z,1009.2,330,16,21,1.2,4,NaN,NaN,5.3,-1.7,10.1,NaN,61,1
M5,-6.704336,51.690426,2010-01-01T12:00:00Z,1010.6,NaN,NaN,NaN,1.3,4,NaN,NaN,4.8,1.4,10.5,NaN,79,1
M3,-10.548261,51.215958,2010-01-01T12:00:00Z,1011.2,40,6,12,2.2,7,NaN,NaN,NaN,NaN,10.4,NaN,NaN,1
M3,-10.548261,51.215958,2010-01-01T13:00:00Z,1011.6,80,3,10,2,7,NaN,NaN,4.8,-2.2,10.4,NaN,60,1
M5,-6.704336,51.690426,2010-01-01T13:00:00Z,1010.6,NaN,NaN,NaN,1.2,4,NaN,NaN,5.2,1.7,10.5,NaN,78,1
M4,-9.999136,54.999966,2010-01-01T13:00:00Z,1012.6,80,2,2,2,7,NaN,NaN,6,-1.8,10.1,NaN,57,1
M6,-15.88135,53.07482,2010-01-01T13:00:00Z,1013.2,20,15,21,2.5,7,NaN,NaN,6.1,1,11.4,NaN,70,1
M2,-5.424046,53.481003,2010-01-01T13:00:00Z,1009.2,310,17,23,1.2,4,NaN,NaN,4.9,0,10.2,NaN,71,1
M5,-6.704336,51.690426,2010-01-01T14:00:00Z,1010.8,NaN,NaN,NaN,1.2,4,NaN,NaN,4.8,0.4,10.5,NaN,73,1
M2,-5.424046,53.481003,2010-01-01T14:00:00Z,1009.6,310,18,23,1.2,4,NaN,NaN,4.6,0.2,10.2,NaN,73,1
M3,-10.548261,51.215958,2010-01-01T14:00:00Z,1011.6,50,4,8,2,7,NaN,NaN,4.8,-1.7,10.4,NaN,63,1
M4,-9.999136,54.999966,2010-01-01T14:00:00Z,1012.6,80,2,2,2,7,NaN,NaN,6,-2.4,10.1,NaN,55,1
M6,-15.88135,53.07482,2010-01-01T14:00:00Z,1012.6,360,11,21,2.7,7,NaN,NaN,6.5,0.5,11.4,NaN,66,1
M4,-9.999136,54.999966,2010-01-01T15:00:00Z,1013.2,80,2,2,2,7,NaN,NaN,5.9,-1.6,10.2,NaN,59,1
M6,-15.88135,53.07482,2010-01-01T15:00:00Z,1012.4,40,14,25,2.7,7,NaN,NaN,4.6,-0.1,11.4,NaN,72,1
M2,-5.424046,53.481003,2010-01-01T15:00:00Z,1009.6,310,19,23,1.3,4,NaN,NaN,4.9,0.7,10.3,NaN,74,1
M3,-10.548261,51.215958,2010-01-01T15:00:00Z,1011.6,120,5,10,1.8,7,NaN,NaN,4.9,-1.6,10.4,NaN,63,1
M5,-6.704336,51.690426,2010-01-01T15:00:00Z,1011.2,NaN,NaN,NaN,1.1,4,NaN,NaN,4.9,0.5,10.5,NaN,73,1
M3,-10.548261,51.215958,2010-01-01T16:00:00Z,1012,120,5,12,1.8,7,NaN,NaN,4.8,-1.7,10.4,NaN,63,1
M4,-9.999136,54.999966,2010-01-01T16:00:00Z,1013.2,80,2,2,2,7,NaN,NaN,5.7,-1,10.3,NaN,62,1
M6,-15.88135,53.07482,2010-01-01T16:00:00Z,1012.6,30,10,16,2.7,7,NaN,NaN,6.1,1.5,11.5,NaN,72,1
M2,-5.424046,53.481003,2010-01-01T16:00:00Z,1010,310,19,23,1.2,4,NaN,NaN,5.1,0.8,10.2,NaN,74,1
M5,-6.704336,51.690426,2010-01-01T16:00:00Z,1011.6,NaN,NaN,NaN,1.1,4,NaN,NaN,5,0.1,10.5,NaN,71,1
M2,-5.424046,53.481003,2010-01-01T17:00:00Z,1010.6,310,19,25,1.2,4,NaN,NaN,5.5,1.2,10.3,NaN,74,1
M3,-10.548261,51.215958,2010-01-01T17:00:00Z,1012.4,100,7,12,1.8,7,NaN,NaN,5,-1.1,10.4,NaN,65,1
M4,-9.999136,54.999966,2010-01-01T17:00:00Z,1013.6,80,2,2,1.8,7,NaN,NaN,6.1,-0.3,10.3,NaN,64,1
M6,-15.88135,53.07482,2010-01-01T17:00:00Z,1013,40,9,21,2.5,7,NaN,NaN,5.7,1.3,11.4,NaN,73,1
M5,-6.704336,51.690426,2010-01-01T17:00:00Z,1012.2,NaN,NaN,NaN,1,4,NaN,NaN,4.9,-0.3,10.5,NaN,69,1
M6,-15.88135,53.07482,2010-01-01T18:00:00Z,1013,50,8,14,2.5,8,NaN,NaN,6.4,0.5,11.4,NaN,66,1
M2,-5.424046,53.481003,2010-01-01T18:00:00Z,1011,320,18,23,1.2,4,NaN,NaN,6,1.7,10.3,NaN,74,1
M4,-9.999136,54.999966,2010-01-01T18:00:00Z,1014,80,3,NaN,2.2,7,NaN,NaN,6.5,0.4,10.3,NaN,65,1
M3,-10.548261,51.215958,2010-01-01T18:00:00Z,1013,130,6,12,1.7,7,NaN,NaN,5.4,-0.4,10.4,NaN,66,1
M5,-6.704336,51.690426,2010-01-01T18:00:00Z,1012.8,NaN,NaN,NaN,0.8,5,NaN,NaN,5,-1.5,10.5,NaN,63,1
M4,-9.999136,54.999966,2010-01-01T19:00:00Z,1014.4,330,3,NaN,2,7,NaN,NaN,6.7,0,10.3,NaN,62,1
M6,-15.88135,53.07482,2010-01-01T19:00:00Z,1013.4,70,12,21,3,7,NaN,NaN,5.4,1,11.4,NaN,73,1
M3,-10.548261,51.215958,2010-01-01T19:00:00Z,1013.2,110,5,12,1.7,7,NaN,NaN,5.6,-0.1,10.4,NaN,67,1
M2,-5.424046,53.481003,2010-01-01T19:00:00Z,1011,330,17,25,1.1,4,NaN,NaN,5.9,1.2,10.3,NaN,72,1
M5,-6.704336,51.690426,2010-01-01T19:00:00Z,1013.2,NaN,NaN,NaN,0.8,4,NaN,NaN,4.8,-0.8,10.5,NaN,67,1
M4,-9.999136,54.999966,2010-01-01T20:00:00Z,1014.8,350,8,14,2,7,NaN,NaN,6.9,-1.2,10.3,NaN,56,1
M2,-5.424046,53.481003,2010-01-01T20:00:00Z,1011.6,310,18,21,1.2,5,NaN,NaN,6.1,2.9,10.2,NaN,80,1
M3,-10.548261,51.215958,2010-01-01T20:00:00Z,1013.8,100,8,14,1.6,7,NaN,NaN,5.9,-0.5,10.4,NaN,64,1
M6,-15.88135,53.07482,2010-01-01T20:00:00Z,1013.6,50,9,16,2.7,8,NaN,NaN,6.2,1.8,11.4,NaN,73,1
M5,-6.704336,51.690426,2010-01-01T20:00:00Z,1013.6,NaN,NaN,NaN,1,4,NaN,NaN,4.6,-1.2,10.5,NaN,66,1
M2,-5.424046,53.481003,2010-01-01T21:00:00Z,1011.6,310,16,23,1.2,5,NaN,NaN,5.9,2.5,10.2,NaN,79,1
M5,-6.704336,51.690426,2010-01-01T21:00:00Z,1014.2,NaN,NaN,NaN,1,4,NaN,NaN,4.6,-1.8,10.5,NaN,63,1
M3,-10.548261,51.215958,2010-01-01T21:00:00Z,1014.4,130,8,16,1.6,7,NaN,NaN,5.9,-1.5,10.4,NaN,59,1
M4,-9.999136,54.999966,2010-01-01T21:00:00Z,1015.2,350,7,14,2.2,7,NaN,NaN,7.3,1.2,10.2,NaN,65,1
M6,-15.88135,53.07482,2010-01-01T21:00:00Z,1014,80,7,18,2.7,8,NaN,NaN,6.3,1,11.4,NaN,69,1
M3,-10.548261,51.215958,2010-01-01T22:00:00Z,1015.2,100,9,16,1.6,7,NaN,NaN,6.3,1.4,10.5,NaN,71,1
M6,-15.88135,53.07482,2010-01-01T22:00:00Z,1014.4,90,7,12,2.7,7,NaN,NaN,6.5,1,11.4,NaN,68,1
M2,-5.424046,53.481003,2010-01-01T22:00:00Z,1012.4,310,16,21,1.2,5,NaN,NaN,6.3,3.1,10.2,NaN,80,1
M4,-9.999136,54.999966,2010-01-01T22:00:00Z,1015.8,60,5,18,2,6,NaN,NaN,6.9,0.8,10.2,NaN,65,1
M5,-6.704336,51.690426,2010-01-01T22:00:00Z,1014.8,NaN,NaN,NaN,1.1,4,NaN,NaN,5.2,-0.8,10.5,NaN,65,1
M3,-10.548261,51.215958,2010-01-01T23:00:00Z,1015.6,80,11,16,1.6,7,NaN,NaN,5.9,-0.3,10.4,NaN,64,1
M2,-5.424046,53.481003,2010-01-01T23:00:00Z,1012.6,330,14,21,1.2,5,NaN,NaN,6.7,1.8,10,NaN,71,1
M4,-9.999136,54.999966,2010-01-01T23:00:00Z,1016.6,30,10,16,2.2,7,NaN,NaN,7,2.1,10.2,NaN,71,1
M6,-15.88135,53.07482,2010-01-01T23:00:00Z,1015,110,9,16,2.7,7,NaN,NaN,6.8,1,11.4,NaN,66,1
M2,-5.424046,53.481003,2010-01-02T00:00:00Z,1013,310,14,20,1.2,4,NaN,NaN,6.7,3.2,10.1,NaN,78,1
M5,-6.704336,51.690426,2010-01-02T00:00:00Z,1015.6,NaN,NaN,NaN,1.1,4,NaN,NaN,4.8,0.5,10.4,NaN,74,1
M4,-9.999136,54.999966,2010-01-02T00:00:00Z,1016.6,20,8,14,2.4,6,NaN,NaN,7.5,0.3,10.2,NaN,60,1
M3,-10.548261,51.215958,2010-01-02T00:00:00Z,1016.2,170,13,20,1.6,6,NaN,NaN,5,0.3,10.5,NaN,72,1
M6,-15.88135,53.07482,2010-01-02T00:00:00Z,1015.6,100,9,18,2.5,8,NaN,NaN,7,0.5,11.4,NaN,63,1
M2,-5.424046,53.481003,2010-01-02T01:00:00Z,1013.2,310,15,25,1.3,4,NaN,NaN,6.6,1.9,10.2,NaN,72,1
M4,-9.999136,54.999966,2010-01-02T01:00:00Z,1016.8,10,8,14,2.2,6,NaN,NaN,7.3,0.5,10.2,NaN,62,1
M6,-15.88135,53.07482,2010-01-02T01:00:00Z,1015.8,110,12,18,2.5,7,NaN,NaN,7,0.7,11.4,NaN,64,1
M3,-10.548261,51.215958,2010-01-02T01:00:00Z,1016.2,220,7,16,1.6,5,NaN,NaN,5.4,1.5,10.5,NaN,76,1
M5,-6.704336,51.690426,2010-01-02T01:00:00Z,1016,NaN,NaN,NaN,1.1,4,NaN,NaN,5.2,0.5,10.4,NaN,72,1
M6,-15.88135,53.07482,2010-01-02T02:00:00Z,1016.2,120,16,21,2.4,7,NaN,NaN,6.9,1.1,11.4,NaN,66,1
M5,-6.704336,51.690426,2010-01-02T02:00:00Z,1016.2,NaN,NaN,NaN,1.1,4,NaN,NaN,4.7,0.9,10.4,NaN,76,1
M3,-10.548261,51.215958,2010-01-02T02:00:00Z,1016.4,90,13,20,1.6,6,NaN,NaN,6.5,1.7,10.5,NaN,71,1
M4,-9.999136,54.999966,2010-01-02T02:00:00Z,1017,350,8,12,2.2,6,NaN,NaN,7.5,0,10.2,NaN,59,1
M2,-5.424046,53.481003,2010-01-02T02:00:00Z,1013.6,300,14,20,1.2,4,NaN,NaN,6.4,2.5,10.1,NaN,76,1
M5,-6.704336,51.690426,2010-01-02T03:00:00Z,1016.6,NaN,NaN,NaN,1.1,4,NaN,NaN,4.5,0.7,10.4,NaN,76,1
M4,-9.999136,54.999966,2010-01-02T03:00:00Z,1017.2,350,8,12,2,6,NaN,NaN,7.5,-0.6,10.2,NaN,56,1
M3,-10.548261,51.215958,2010-01-02T03:00:00Z,1016.8,80,14,20,1.7,6,NaN,NaN,6.3,2.5,10.4,NaN,77,1
M6,-15.88135,53.07482,2010-01-02T03:00:00Z,1016.6,110,13,20,2.5,7,NaN,NaN,7.3,1,11.4,NaN,64,1
M2,-5.424046,53.481003,2010-01-02T03:00:00Z,1014.6,290,15,21,1.2,4,NaN,NaN,5.5,2.7,10.1,NaN,82,1
M2,-5.424046,53.481003,2010-01-02T04:00:00Z,1015,280,15,20,1.1,4,NaN,NaN,4.9,2.4,10.2,NaN,84,1
M4,-9.999136,54.999966,2010-01-02T04:00:00Z,1017.4,340,8,14,2,6,NaN,NaN,7.5,0.6,10.2,NaN,62,1
M3,-10.548261,51.215958,2010-01-02T04:00:00Z,1016.8,110,12,20,1.6,6,NaN,NaN,6.4,1.4,10.4,NaN,70,1
M5,-6.704336,51.690426,2010-01-02T04:00:00Z,1016.8,NaN,NaN,NaN,1.1,4,NaN,NaN,4.5,0.8,10.4,NaN,77,1
M6,-15.88135,53.07482,2010-01-02T04:00:00Z,1016.8,110,13,21,2.2,7,NaN,NaN,7.7,1.6,11.4,NaN,65,1
M2,-5.424046,53.481003,2010-01-02T05:00:00Z,1015.2,260,16,20,1.1,4,NaN,NaN,4.4,2.5,10.2,NaN,87,1
M6,-15.88135,53.07482,2010-01-02T05:00:00Z,1017.2,100,14,25,2.4,7,NaN,NaN,7.7,1.5,11.3,NaN,65,1
M3,-10.548261,51.215958,2010-01-02T05:00:00Z,1017.6,90,14,20,1.7,6,NaN,NaN,6.1,1,10.4,NaN,70,1
M5,-6.704336,51.690426,2010-01-02T05:00:00Z,1017,NaN,NaN,NaN,1.1,4,NaN,NaN,4.8,1.2,10.4,NaN,78,1
M4,-9.999136,54.999966,2010-01-02T05:00:00Z,1017.2,330,10,16,2,6,NaN,NaN,7.7,0.3,10.2,NaN,59,1
M6,-15.88135,53.07482,2010-01-02T06:00:00Z,1018,100,18,23,2.2,7,NaN,NaN,7.9,0.4,11.3,NaN,59,1
M2,-5.424046,53.481003,2010-01-02T06:00:00Z,1015.6,260,18,21,1,4,NaN,NaN,4.5,2.9,10.2,NaN,89,1
M3,-10.548261,51.215958,2010-01-02T06:00:00Z,1017.8,100,12,18,1.6,6,NaN,NaN,6.5,2.1,10.4,NaN,74,1
M4,-9.999136,54.999966,2010-01-02T06:00:00Z,1017.2,320,10,16,2.2,6,NaN,NaN,7.5,0.1,10.2,NaN,59,1
M5,-6.704336,51.690426,2010-01-02T06:00:00Z,1017.6,NaN,NaN,NaN,1.2,4,NaN,NaN,4.6,1.2,10.4,NaN,79,1
M6,-15.88135,53.07482,2010-01-02T07:00:00Z,1018.8,110,16,25,2.4,7,NaN,NaN,7.4,-1.5,11.3,NaN,53,1
M4,-9.999136,54.999966,2010-01-02T07:00:00Z,1017.6,310,11,18,2.2,6,NaN,NaN,7.6,2.2,10.1,NaN,69,1
M2,-5.424046,53.481003,2010-01-02T07:00:00Z,1015.6,270,19,23,1.2,4,NaN,NaN,4.1,2.5,10.2,NaN,89,1
M3,-10.548261,51.215958,2010-01-02T07:00:00Z,1018.2,80,13,20,1.7,6,NaN,NaN,6.1,0.7,10.4,NaN,68,1
M5,-6.704336,51.690426,2010-01-02T07:00:00Z,1018,NaN,NaN,NaN,1.1,4,NaN,NaN,4.6,1.5,10.4,NaN,80,1
M4,-9.999136,54.999966,2010-01-02T08:00:00Z,1017.6,330,13,20,2.2,6,NaN,NaN,8.2,1.9,10.1,NaN,64,1
M5,-6.704336,51.690426,2010-01-02T08:00:00Z,1018.4,NaN,NaN,NaN,1,4,NaN,NaN,4.4,1.4,10.4,NaN,81,1
M2,-5.424046,53.481003,2010-01-02T08:00:00Z,1015.4,260,21,25,1.2,4,NaN,NaN,4.2,2.4,10.2,NaN,88,1
M3,-10.548261,51.215958,2010-01-02T08:00:00Z,1019.4,90,11,18,1.6,6,NaN,NaN,5.9,-0.5,10.4,NaN,64,1
M6,-15.88135,53.07482,2010-01-02T08:00:00Z,1019.4,110,15,25,2.2,6,NaN,NaN,7.5,0,11.3,NaN,59,1
M5,-6.704336,51.690426,2010-01-02T09:00:00Z,1018.8,NaN,NaN,NaN,1.1,4,NaN,NaN,4.7,1.5,10.3,NaN,80,1
M2,-5.424046,53.481003,2010-01-02T09:00:00Z,1015.6,250,21,29,1.3,4,NaN,NaN,4.4,2.6,10.2,NaN,88,1
M4,-9.999136,54.999966,2010-01-02T09:00:00Z,1017.8,330,12,20,2.4,6,NaN,NaN,7.9,1.6,10.1,NaN,64,1
M3,-10.548261,51.215958,2010-01-02T09:00:00Z,1020,90,8,16,1.7,6,NaN,NaN,6.1,-0.3,10.4,NaN,64,1
M6,-15.88135,53.07482,2010-01-02T09:00:00Z,1020.2,100,14,23,2.4,6,NaN,NaN,7.7,0.8,11.3,NaN,62,1
M3,-10.548261,51.215958,2010-01-02T10:00:00Z,1020.8,90,8,16,1.6,6,NaN,NaN,6.2,-2.1,10.4,NaN,55,1
M4,-9.999136,54.999966,2010-01-02T10:00:00Z,1018.2,310,10,21,2.2,6,NaN,NaN,7.4,3.2,10.1,NaN,75,1
M6,-15.88135,53.07482,2010-01-02T10:00:00Z,1020.8,100,16,23,2.2,6,NaN,NaN,7.5,0.2,11.3,NaN,60,1
M2,-5.424046,53.481003,2010-01-02T10:00:00Z,1015.8,250,24,29,1.2,4,NaN,NaN,4.3,2.4,10.1,NaN,87,1
M5,-6.704336,51.690426,2010-01-02T10:00:00Z,1019.8,NaN,NaN,NaN,1.1,4,NaN,NaN,5.3,1.5,10.4,NaN,76,1
M2,-5.424046,53.481003,2010-01-02T11:00:00Z,1016.2,250,24,31,1.3,4,NaN,NaN,4.4,2.3,10.2,NaN,86,1
M5,-6.704336,51.690426,2010-01-02T11:00:00Z,1020.4,NaN,NaN,NaN,1,4,NaN,NaN,5.6,1,10.3,NaN,72,1
M3,-10.548261,51.215958,2010-01-02T11:00:00Z,1021,80,10,14,1.6,6,NaN,NaN,6.1,-1.1,10.4,NaN,60,1
M4,-9.999136,54.999966,2010-01-02T11:00:00Z,1018.8,360,11,21,2.4,6,NaN,NaN,7.1,3.1,10,NaN,76,1
M6,-15.88135,53.07482,2010-01-02T11:00:00Z,1021.4,90,16,25,2,6,NaN,NaN,7.8,-0.2,11.3,NaN,57,1
M2,-5.424046,53.481003,2010-01-02T12:00:00Z,1016.2,260,25,31,1.7,4,NaN,NaN,4.9,3,10.3,NaN,88,1
M3,-10.548261,51.215958,2010-01-02T12:00:00Z,1021.4,100,9,14,1.7,6,NaN,NaN,6.2,-1.3,10.4,NaN,59,1
M5,-6.704336,51.690426,2010-01-02T12:00:00Z,1020.6,NaN,NaN,NaN,1,5,NaN,NaN,5.8,0.9,10.3,NaN,71,1
M4,-9.999136,54.999966,2010-01-02T12:00:00Z,1019,360,9,20,2.5,6,NaN,NaN,6.7,2.1,10,NaN,72,1
M6,-15.88135,53.07482,2010-01-02T12:00:00Z,1021.8,90,17,25,2,6,NaN,NaN,7.6,-0.5,11.3,NaN,56,1
M2,-5.424046,53.481003,2010-01-02T13:00:00Z,1016.2,280,23,29,1.7,4,NaN,NaN,4.5,2.7,10.2,NaN,88,1
M6,-15.88135,53.07482,2010-01-02T13:00:00Z,1021.8,90,17,23,2,6,NaN,NaN,7.5,-1.9,11.4,NaN,51,1
M3,-10.548261,51.215958,2010-01-02T13:00:00Z,1021,70,8,14,1.5,7,NaN,NaN,6.1,-2.7,10.4,NaN,53,1
M5,-6.704336,51.690426,2010-01-02T13:00:00Z,1020.4,NaN,NaN,NaN,0.8,4,NaN,NaN,5.7,0.3,10.3,NaN,68,1
M4,-9.999136,54.999966,2010-01-02T13:00:00Z,1019.2,20,14,21,2.5,6,NaN,NaN,7.2,2.7,10,NaN,73,1
M4,-9.999136,54.999966,2010-01-02T14:00:00Z,1019.6,30,11,21,2.4,6,NaN,NaN,7.7,1.1,10.1,NaN,63,1
M3,-10.548261,51.215958,2010-01-02T14:00:00Z,1020.4,80,9,14,1.5,7,NaN,NaN,6.1,-2.8,10.4,NaN,53,1
M6,-15.88135,53.07482,2010-01-02T14:00:00Z,1021.4,90,16,23,2.2,6,NaN,NaN,7.8,-1,11.4,NaN,54,1
M2,-5.424046,53.481003,2010-01-02T14:00:00Z,1016.8,280,21,27,1.7,4,NaN,NaN,5.1,3,10.2,NaN,86,1
M5,-6.704336,51.690426,2010-01-02T14:00:00Z,1020.2,NaN,NaN,NaN,0.8,4,NaN,NaN,5.9,0,10.4,NaN,66,1
M4,-9.999136,54.999966,2010-01-02T15:00:00Z,1019.8,40,11,18,2.5,6,NaN,NaN,7.7,1.2,10,NaN,63,1
M3,-10.548261,51.215958,2010-01-02T15:00:00Z,1019.8,70,11,16,1.5,7,NaN,NaN,6.3,-3.1,10.4,NaN,51,1
M2,-5.424046,53.481003,2010-01-02T15:00:00Z,1017,290,19,25,1.5,4,NaN,NaN,6,4,10.2,NaN,87,1
M5,-6.704336,51.690426,2010-01-02T15:00:00Z,1019.8,NaN,NaN,NaN,0.8,5,NaN,NaN,6.1,0.2,10.4,NaN,66,1
M6,-15.88135,53.07482,2010-01-02T15:00:00Z,1021.2,80,16,21,2.2,6,NaN,NaN,8,0.5,11.3,NaN,59,1
M4,-9.999136,54.999966,2010-01-02T16:00:00Z,1020.2,50,15,25,2.5,6,NaN,NaN,5.9,0.5,10,NaN,68,1
M2,-5.424046,53.481003,2010-01-02T16:00:00Z,1017.4,330,17,27,1.2,4,NaN,NaN,6.4,3.2,10.2,NaN,80,1
M3,-10.548261,51.215958,2010-01-02T16:00:00Z,1019.4,80,12,16,1.5,7,NaN,NaN,6.3,-2.2,10.4,NaN,54,1
M6,-15.88135,53.07482,2010-01-02T16:00:00Z,1020.8,70,17,23,2.2,6,NaN,NaN,7.8,0.1,11.3,NaN,58,1
M5,-6.704336,51.690426,2010-01-02T16:00:00Z,1019.4,NaN,NaN,NaN,0.8,5,NaN,NaN,6,0.6,10.4,NaN,68,1
M3,-10.548261,51.215958,2010-01-02T17:00:00Z,1019.2,80,13,18,1.3,6,NaN,NaN,6.5,0.4,10.4,NaN,65,1
M4,-9.999136,54.999966,2010-01-02T17:00:00Z,1020.4,70,14,23,2.5,6,NaN,NaN,7,2,10.1,NaN,70,1
M5,-6.704336,51.690426,2010-01-02T17:00:00Z,1019.4,NaN,NaN,NaN,0.8,5,NaN,NaN,6.1,0.7,10.4,NaN,68,1
M6,-15.88135,53.07482,2010-01-02T17:00:00Z,1021,80,16,23,2.2,6,NaN,NaN,7.7,-0.1,11.4,NaN,58,1
M2,-5.424046,53.481003,2010-01-02T17:00:00Z,1018.2,30,22,27,1.1,4,NaN,NaN,5.9,2.4,10.1,NaN,78,1
M6,-15.88135,53.07482,2010-01-02T18:00:00Z,1020.8,70,15,21,2,6,NaN,NaN,8,-0.1,11.4,NaN,57,1
M3,-10.548261,51.215958,2010-01-02T18:00:00Z,1019,70,14,18,1.5,6,NaN,NaN,6.5,1,10.4,NaN,68,1
M4,-9.999136,54.999966,2010-01-02T18:00:00Z,1021.2,80,17,27,2.9,7,NaN,NaN,6.6,2.7,10.1,NaN,76,1
M2,-5.424046,53.481003,2010-01-02T18:00:00Z,1018.6,30,21,25,1.2,4,NaN,NaN,5.7,1.8,10.2,NaN,76,1
M5,-6.704336,51.690426,2010-01-02T18:00:00Z,1019.2,NaN,NaN,NaN,0.8,5,NaN,NaN,6.2,1,10.4,NaN,69,1
M3,-10.548261,51.215958,2010-01-02T19:00:00Z,NaN,80,15,20,1.3,5,NaN,NaN,NaN,NaN,10.6,NaN,NaN,1
M6,-15.88135,53.07482,2010-01-02T19:00:00Z,1020.4,60,16,23,2.2,6,NaN,NaN,8.2,0.2,11.4,NaN,57,1
M4,-9.999136,54.999966,2010-01-02T19:00:00Z,1021.8,80,12,27,3.2,6,NaN,NaN,6,2.7,10.1,NaN,79,1
M2,-5.424046,53.481003,2010-01-02T19:00:00Z,1019.4,40,20,25,1.3,4,NaN,NaN,5.6,0.8,10.2,NaN,71,1
M5,-6.704336,51.690426,2010-01-02T19:00:00Z,1019.2,NaN,NaN,NaN,0.8,5,NaN,NaN,6.6,0.5,10.4,NaN,65,1
M6,-15.88135,53.07482,2010-01-02T20:00:00Z,1020,60,16,21,2,6,NaN,NaN,8.2,0.3,11.4,NaN,58,1
M5,-6.704336,51.690426,2010-01-02T20:00:00Z,1019.2,NaN,NaN,NaN,0.8,5,NaN,NaN,6.7,0.5,10.4,NaN,65,1
M2,-5.424046,53.481003,2010-01-02T20:00:00Z,1020.2,50,21,29,1.5,4,NaN,NaN,6.1,2.2,10.2,NaN,76,1
M3,-10.548261,51.215958,2010-01-02T20:00:00Z,1018.4,80,16,20,1.5,5,NaN,NaN,6.8,2.1,10.4,NaN,72,1
M4,-9.999136,54.999966,2010-01-02T20:00:00Z,1022.4,100,15,25,3.5,7,NaN,NaN,6.5,1.4,10.1,NaN,70,1
M2,-5.424046,53.481003,2010-01-02T21:00:00Z,1020.8,50,24,31,2,5,NaN,NaN,5.1,1.1,10.1,NaN,75,1
M5,-6.704336,51.690426,2010-01-02T21:00:00Z,1019.4,NaN,NaN,NaN,0.6,5,NaN,NaN,6.7,1.4,10.4,NaN,69,1
M3,-10.548261,51.215958,2010-01-02T21:00:00Z,1017.8,80,16,21,1.5,5,NaN,NaN,6.7,1.3,10.4,NaN,68,1
M4,-9.999136,54.999966,2010-01-02T21:00:00Z,1023.2,110,12,21,3.2,7,NaN,NaN,6.5,1,10.1,NaN,68,1
M6,-15.88135,53.07482,2010-01-02T21:00:00Z,1019.2,50,16,23,2,6,NaN,NaN,8.1,2.3,11.4,NaN,67,1
M3,-10.548261,51.215958,2010-01-02T22:00:00Z,1017.6,90,18,23,1.6,5,NaN,NaN,7,1.3,10.4,NaN,67,1
M6,-15.88135,53.07482,2010-01-02T22:00:00Z,1018.8,50,18,23,2,6,NaN,NaN,8.2,3,11.4,NaN,70,1
M2,-5.424046,53.481003,2010-01-02T22:00:00Z,1021.2,60,23,31,1.8,6,NaN,NaN,5.7,-1,10.1,NaN,62,1
M4,-9.999136,54.999966,2010-01-02T22:00:00Z,1023.6,110,13,21,3,7,NaN,NaN,6.1,0.6,10.1,NaN,68,1
M5,-6.704336,51.690426,2010-01-02T22:00:00Z,1019.4,NaN,NaN,NaN,0.8,4,NaN,NaN,6,1.6,10.3,NaN,73,1
M4,-9.999136,54.999966,2010-01-02T23:00:00Z,1024.4,100,13,20,3,7,NaN,NaN,6,0.5,10,NaN,68,1
M6,-15.88135,53.07482,2010-01-02T23:00:00Z,1018.4,70,19,29,2,6,NaN,NaN,8.3,3.4,11.3,NaN,71,1
M2,-5.424046,53.481003,2010-01-02T23:00:00Z,1021.6,60,23,29,1.8,6,NaN,NaN,5.5,-0.2,10.2,NaN,67,1
M3,-10.548261,51.215958,2010-01-02T23:00:00Z,NaN,90,19,27,1.6,5,NaN,NaN,NaN,NaN,10.5,NaN,NaN,1
M5,-6.704336,51.690426,2010-01-02T23:00:00Z,1019.8,NaN,NaN,NaN,0.8,4,NaN,NaN,6.2,2.3,10.3,NaN,76,1
M3,-10.548261,51.215958,2010-01-03T00:00:00Z,1016.8,90,19,27,1.7,5,NaN,NaN,7.3,2.6,10.4,NaN,72,1
M2,-5.424046,53.481003,2010-01-03T00:00:00Z,1021.8,70,21,29,2,6,NaN,NaN,5.4,-0.3,10.1,NaN,67,1
M6,-15.88135,53.07482,2010-01-03T00:00:00Z,1018.4,80,21,31,2,6,NaN,NaN,8.6,4,11.3,NaN,73,1
M4,-9.999136,54.999966,2010-01-03T00:00:00Z,1025,120,10,20,2.9,7,NaN,NaN,6,-0.2,10,NaN,64,1
M5,-6.704336,51.690426,2010-01-03T00:00:00Z,1019.6,NaN,NaN,NaN,0.8,4,NaN,NaN,6.5,2.5,10.3,NaN,76,1
M2,-5.424046,53.481003,2010-01-03T01:00:00Z,1022.4,70,22,29,2.7,6,NaN,NaN,5.2,-0.7,10.2,NaN,66,1
M4,-9.999136,54.999966,2010-01-03T01:00:00Z,1025,110,11,18,2.9,7,NaN,NaN,5.5,0.2,10,NaN,69,1
M6,-15.88135,53.07482,2010-01-03T01:00:00Z,1018.6,80,25,35,2.2,5,NaN,NaN,7.5,2,11.3,NaN,68,1
M5,-6.704336,51.690426,2010-01-03T01:00:00Z,1019.4,NaN,NaN,NaN,0.8,4,NaN,NaN,6.5,2.5,10.3,NaN,76,1
M3,-10.548261,51.215958,2010-01-03T01:00:00Z,NaN,100,21,27,1.7,5,NaN,NaN,NaN,NaN,10.5,NaN,NaN,1
M3,-10.548261,51.215958,2010-01-03T02:00:00Z,1016.2,90,22,31,2,5,NaN,NaN,7.4,2.2,10.4,NaN,70,1
M5,-6.704336,51.690426,2010-01-03T02:00:00Z,1019.6,NaN,NaN,NaN,1.2,4,NaN,NaN,6.9,1.2,10.3,NaN,67,1
M2,-5.424046,53.481003,2010-01-03T02:00:00Z,1022.4,70,24,31,2.4,5,NaN,NaN,5.3,-0.3,10.2,NaN,67,1
M6,-15.88135,53.07482,2010-01-03T02:00:00Z,1018.4,70,24,37,2.5,5,NaN,NaN,8.5,3.9,11.3,NaN,73,1
M4,-9.999136,54.999966,2010-01-03T02:00:00Z,1025.4,100,13,20,2.7,6,NaN,NaN,5.2,-0.2,10,NaN,68,1
M4,-9.999136,54.999966,2010-01-03T03:00:00Z,1025.4,100,13,20,2.9,6,NaN,NaN,5.1,-0.2,10,NaN,69,1
M5,-6.704336,51.690426,2010-01-03T03:00:00Z,1019.8,NaN,NaN,NaN,1.5,4,NaN,NaN,6.6,0.9,10.3,NaN,67,1
M3,-10.548261,51.215958,2010-01-03T03:00:00Z,NaN,90,25,33,2.4,5,NaN,NaN,NaN,NaN,10.5,NaN,NaN,1
M6,-15.88135,53.07482,2010-01-03T03:00:00Z,1017.8,80,28,35,2.7,6,NaN,NaN,8,2.6,11.4,NaN,69,1
M2,-5.424046,53.481003,2010-01-03T03:00:00Z,1022.8,80,24,33,2.5,5,NaN,NaN,5.2,0.3,10.2,NaN,71,1
M5,-6.704336,51.690426,2010-01-03T04:00:00Z,1019.2,NaN,NaN,NaN,1.5,4,NaN,NaN,6.3,1.2,10.4,NaN,70,1
M3,-10.548261,51.215958,2010-01-03T04:00:00Z,NaN,90,26,35,2.5,5,NaN,NaN,NaN,NaN,10.5,NaN,NaN,1
M6,-15.88135,53.07482,2010-01-03T04:00:00Z,1018,90,29,37,3,6,NaN,NaN,7.4,2.5,11.4,NaN,71,1
M4,-9.999136,54.999966,2010-01-03T04:00:00Z,1025.4,100,12,20,2.5,6,NaN,NaN,5.1,0,10,NaN,70,1
M2,-5.424046,53.481003,2010-01-03T04:00:00Z,1023.2,70,24,31,2,5,NaN,NaN,4.9,-1,9.6,NaN,66,1
M4,-9.999136,54.999966,2010-01-03T05:00:00Z,1025.4,90,12,20,2.5,6,NaN,NaN,5.4,-0.5,10,NaN,66,1
M6,-15.88135,53.07482,2010-01-03T05:00:00Z,1017.6,80,28,39,3.4,6,NaN,NaN,7.1,2.3,11.4,NaN,72,1
M2,-5.424046,53.481003,2010-01-03T05:00:00Z,1023.4,80,22,31,1.8,5,NaN,NaN,5.1,-0.9,10,NaN,65,1
M3,-10.548261,51.215958,2010-01-03T05:00:00Z,NaN,80,24,31,2.7,5,NaN,NaN,NaN,NaN,10.5,NaN,NaN,1
M5,-6.704336,51.690426,2010-01-03T05:00:00Z,1018.8,NaN,NaN,NaN,1.7,5,NaN,NaN,6.8,1.4,10.4,NaN,68,1
M3,-10.548261,51.215958,2010-01-03T06:00:00Z,NaN,80,25,35,3.2,6,NaN,NaN,NaN,NaN,10.6,NaN,NaN,1
M4,-9.999136,54.999966,2010-01-03T06:00:00Z,1025.4,100,13,20,2.5,6,NaN,NaN,5.7,-0.5,10.1,NaN,64,1
M2,-5.424046,53.481003,2010-01-03T06:00:00Z,1023.8,80,21,27,1.8,5,NaN,NaN,4.8,-1.2,10,NaN,65,1
M6,-15.88135,53.07482,2010-01-03T06:00:00Z,1017.8,90,28,41,4,7,NaN,NaN,7,3.1,11.4,NaN,76,1
M5,-6.704336,51.690426,2010-01-03T06:00:00Z,1018.6,NaN,NaN,NaN,1.3,5,NaN,NaN,6.8,2,10.3,NaN,71,1
M3,-10.548261,51.215958,2010-01-03T07:00:00Z,1014.6,80,27,37,3.5,7,NaN,NaN,6.8,4.9,10.5,NaN,88,1
M2,-5.424046,53.481003,2010-01-03T07:00:00Z,1024,80,22,29,1.7,4,NaN,NaN,4.9,-1.1,10,NaN,65,1
M4,-9.999136,54.999966,2010-01-03T07:00:00Z,1025.4,100,14,21,2.5,6,NaN,NaN,5.4,-0.2,10.1,NaN,67,1
M6,-15.88135,53.07482,2010-01-03T07:00:00Z,1017.8,80,29,41,3.9,7,NaN,NaN,7.2,3.4,11.4,NaN,77,1
M5,-6.704336,51.690426,2010-01-03T07:00:00Z,1018.8,NaN,NaN,NaN,1.3,5,NaN,NaN,6.3,1.8,10.3,NaN,73,1
M3,-10.548261,51.215958,2010-01-03T08:00:00Z,NaN,80,27,37,4,6,NaN,NaN,NaN,NaN,10.6,NaN,NaN,1
M4,-9.999136,54.999966,2010-01-03T08:00:00Z,1025.8,110,13,20,2.5,6,NaN,NaN,5.4,-0.9,10.1,NaN,64,1
M6,-15.88135,53.07482,2010-01-03T08:00:00Z,1018.2,90,30,43,4.1,7,NaN,NaN,6.9,2.9,11.4,NaN,76,1
M5,-6.704336,51.690426,2010-01-03T08:00:00Z,1019.2,NaN,NaN,NaN,1.3,5,NaN,NaN,6.7,3.2,10.3,NaN,78,1
M2,-5.424046,53.481003,2010-01-03T08:00:00Z,1024.4,90,22,29,1.6,4,NaN,NaN,4.6,-1.9,10,NaN,63,1
M5,-6.704336,51.690426,2010-01-03T09:00:00Z,1019.8,NaN,NaN,NaN,1.6,5,NaN,NaN,6.5,2.8,10.3,NaN,77,1
M2,-5.424046,53.481003,2010-01-03T09:00:00Z,1025,80,21,27,1.3,4,NaN,NaN,4.4,-1.5,10,NaN,66,1
M4,-9.999136,54.999966,2010-01-03T09:00:00Z,1026.4,110,12,21,2.5,6,NaN,NaN,4.9,-1.8,10.1,NaN,62,1
M3,-10.548261,51.215958,2010-01-03T09:00:00Z,NaN,80,26,35,4,7,NaN,NaN,NaN,NaN,10.6,NaN,NaN,1
M6,-15.88135,53.07482,2010-01-03T09:00:00Z,1018.8,100,25,43,4,7,NaN,NaN,6.5,3.4,11.4,NaN,81,1
M5,-6.704336,51.690426,2010-01-03T10:00:00Z,1020.4,NaN,NaN,NaN,1.8,5,NaN,NaN,6.6,2.4,10.3,NaN,74,1
M3,-10.548261,51.215958,2010-01-03T10:00:00Z,NaN,90,25,37,4.1,7,NaN,NaN,NaN,NaN,10.6,NaN,NaN,1
M6,-15.88135,53.07482,2010-01-03T10:00:00Z,1019.4,80,31,45,4.8,7,NaN,NaN,8.1,2.7,11.3,NaN,69,1
M4,-9.999136,54.999966,2010-01-03T10:00:00Z,1026.8,110,12,20,2,6,NaN,NaN,5.1,-1,10.1,NaN,65,1
M2,-5.424046,53.481003,2010-01-03T10:00:00Z,1025.4,90,20,27,1.2,5,NaN,NaN,4.4,-1.4,10,NaN,66,1
M3,-10.548261,51.215958,2010-01-03T11:00:00Z,NaN,70,25,35,4.5,7,NaN,NaN,NaN,NaN,10.5,NaN,NaN,1
M2,-5.424046,53.481003,2010-01-03T11:00:00Z,1025.6,90,19,25,1.2,4,NaN,NaN,4.5,-0.8,10,NaN,68,1
M4,-9.999136,54.999966,2010-01-03T11:00:00Z,1027.6,120,12,18,2,6,NaN,NaN,4.9,-2.9,10.1,NaN,57,1
M6,-15.88135,53.07482,2010-01-03T11:00:00Z,1020.2,80,30,41,5,7,NaN,NaN,7.7,0.7,11.3,NaN,61,1
M5,-6.704336,51.690426,2010-01-03T11:00:00Z,1021.2,NaN,NaN,NaN,2,5,NaN,NaN,6.3,2.5,10.3,NaN,77,1
M6,-15.88135,53.07482,2010-01-03T12:00:00Z,1020.6,90,29,39,5,7,NaN,NaN,7.5,-0.2,11.3,NaN,58,1
M3,-10.548261,51.215958,2010-01-03T12:00:00Z,NaN,70,22,35,4.3,7,NaN,NaN,NaN,NaN,10.5,NaN,NaN,1
M2,-5.424046,53.481003,2010-01-03T12:00:00Z,1025.4,90,19,25,1.2,4,NaN,NaN,4.2,-1.8,10.1,NaN,65,1
M5,-6.704336,51.690426,2010-01-03T12:00:00Z,1021.8,NaN,NaN,NaN,2.2,5,NaN,NaN,5.8,2,10.3,NaN,76,1
M4,-9.999136,54.999966,2010-01-03T12:00:00Z,1027.4,110,13,20,2,6,NaN,NaN,4.7,-2.2,10.1,NaN,61,1
M2,-5.424046,53.481003,2010-01-03T13:00:00Z,1025.4,90,18,25,1.3,4,NaN,NaN,4.4,-2.9,10.2,NaN,59,1
M3,-10.548261,51.215958,2010-01-03T13:00:00Z,1014.8,100,22,31,4.3,7,NaN,NaN,8.4,3.6,10.5,NaN,72,1
M4,-9.999136,54.999966,2010-01-03T13:00:00Z,1027.4,110,12,20,2,6,NaN,NaN,5.3,-1.7,10,NaN,61,1
M6,-15.88135,53.07482,2010-01-03T13:00:00Z,1020.2,90,26,35,4.6,7,NaN,NaN,7.5,-0.2,11.3,NaN,58,1
M5,-6.704336,51.690426,2010-01-03T13:00:00Z,1021.6,NaN,NaN,NaN,2.2,5,NaN,NaN,5.5,1.9,10.3,NaN,78,1
M4,-9.999136,54.999966,2010-01-03T14:00:00Z,1027,120,11,18,2,5,NaN,NaN,5.3,-2.3,10,NaN,58,1
M5,-6.704336,51.690426,2010-01-03T14:00:00Z,1021.8,NaN,NaN,NaN,2.2,5,NaN,NaN,5.6,2,10.3,NaN,78,1
M6,-15.88135,53.07482,2010-01-03T14:00:00Z,1020.2,80,26,37,4.5,8,NaN,NaN,7.8,1.5,11.3,NaN,64,1
M2,-5.424046,53.481003,2010-01-03T14:00:00Z,1025,80,17,23,1.3,4,NaN,NaN,4.4,-2.4,10.2,NaN,61,1
M3,-10.548261,51.215958,2010-01-03T14:00:00Z,1014.8,100,23,35,4.8,8,NaN,NaN,8.2,4.9,10.4,NaN,80,1
M3,-10.548261,51.215958,2010-01-03T15:00:00Z,1015,90,23,33,4.1,7,NaN,NaN,7.9,5,10.5,NaN,82,1
M6,-15.88135,53.07482,2010-01-03T15:00:00Z,1019.8,80,27,37,4,7,NaN,NaN,7.5,-0.4,11.3,NaN,57,1
M4,-9.999136,54.999966,2010-01-03T15:00:00Z,1026.6,100,10,16,1.7,5,NaN,NaN,5.1,-3.1,10,NaN,55,1
M2,-5.424046,53.481003,2010-01-03T15:00:00Z,1025,80,16,21,1.2,4,NaN,NaN,3.8,-2.4,10.2,NaN,64,1
M5,-6.704336,51.690426,2010-01-03T15:00:00Z,1021.8,NaN,NaN,NaN,2.5,5,NaN,NaN,5.4,1.4,10.3,NaN,75,1
M3,-10.548261,51.215958,2010-01-03T16:00:00Z,1015,100,26,37,4.3,7,NaN,NaN,8.1,4.3,10.5,NaN,77,1
M4,-9.999136,54.999966,2010-01-03T16:00:00Z,1027,80,10,16,1.7,5,NaN,NaN,4.9,-2.2,10.1,NaN,60,1
M5,-6.704336,51.690426,2010-01-03T16:00:00Z,1022,NaN,NaN,NaN,2.5,6,NaN,NaN,5.7,1.3,10.3,NaN,73,1
M2,-5.424046,53.481003,2010-01-03T16:00:00Z,1025.4,80,16,21,1.2,4,NaN,NaN,4,-2.9,10.1,NaN,61,1
M6,-15.88135,53.07482,2010-01-03T16:00:00Z,1019.6,90,25,35,5,8,NaN,NaN,7.8,1.1,11.3,NaN,62,1
M2,-5.424046,53.481003,2010-01-03T17:00:00Z,1025.4,70,15,21,1,4,NaN,NaN,4,-3.1,9.8,NaN,60,1
M3,-10.548261,51.215958,2010-01-03T17:00:00Z,1015.6,100,26,35,4.5,7,NaN,NaN,8.1,3.9,10.5,NaN,75,1
M4,-9.999136,54.999966,2010-01-03T17:00:00Z,1027,80,10,16,1.7,5,NaN,NaN,5,-2,10.1,NaN,60,1
M6,-15.88135,53.07482,2010-01-03T17:00:00Z,1019.8,80,25,33,5.1,8,NaN,NaN,8.1,1.9,11.3,NaN,65,1
M5,-6.704336,51.690426,2010-01-03T17:00:00Z,1022,NaN,NaN,NaN,2.5,6,NaN,NaN,5.7,1.4,10.3,NaN,74,1
M4,-9.999136,54.999966,2010-01-03T18:00:00Z,1027,100,9,16,1.7,5,NaN,NaN,4.9,-1.4,10.2,NaN,64,1
M3,-10.548261,51.215958,2010-01-03T18:00:00Z,1016.2,100,25,35,4.5,8,NaN,NaN,8.2,5,10.5,NaN,80,1
M6,-15.88135,53.07482,2010-01-03T18:00:00Z,1020.2,80,25,35,4.6,7,NaN,NaN,8.1,1.7,11.3,NaN,64,1
M2,-5.424046,53.481003,2010-01-03T18:00:00Z,1026,90,13,21,1,4,NaN,NaN,4.3,-2.6,9.7,NaN,61,1
M5,-6.704336,51.690426,2010-01-03T18:00:00Z,1022.4,NaN,NaN,NaN,2.5,6,NaN,NaN,4.7,0,10.3,NaN,72,1
M4,-9.999136,54.999966,2010-01-03T19:00:00Z,1027,100,8,18,1.7,5,NaN,NaN,5,-1.1,10.2,NaN,65,1
M2,-5.424046,53.481003,2010-01-03T19:00:00Z,1026.2,100,10,18,0.8,4,NaN,NaN,4.1,-1.4,9.5,NaN,67,1
M3,-10.548261,51.215958,2010-01-03T19:00:00Z,1016.4,90,25,33,4.5,7,NaN,NaN,7.7,4.3,10.5,NaN,79,1
M6,-15.88135,53.07482,2010-01-03T19:00:00Z,1020.8,90,25,35,5,8,NaN,NaN,7.9,1.4,11.3,NaN,64,1
M5,-6.704336,51.690426,2010-01-03T19:00:00Z,1022.6,NaN,NaN,NaN,2.2,6,NaN,NaN,5,0.3,10.3,NaN,72,1
M2,-5.424046,53.481003,2010-01-03T20:00:00Z,1026.2,90,9,18,0.6,4,NaN,NaN,4.4,-0.8,9.5,NaN,69,1
M3,-10.548261,51.215958,2010-01-03T20:00:00Z,1016.6,90,24,35,4.3,7,NaN,NaN,8,4.1,10.5,NaN,76,1
M4,-9.999136,54.999966,2010-01-03T20:00:00Z,1027.4,90,8,14,1.6,5,NaN,NaN,5,-1.5,10.2,NaN,63,1
M6,-15.88135,53.07482,2010-01-03T20:00:00Z,1021.2,80,25,35,5.1,8,NaN,NaN,7.9,2,11.3,NaN,66,1
M5,-6.704336,51.690426,2010-01-03T20:00:00Z,1022.8,NaN,NaN,NaN,2.2,6,NaN,NaN,4.8,0.2,10.3,NaN,72,1
M3,-10.548261,51.215958,2010-01-03T21:00:00Z,1017.4,90,23,33,4.5,7,NaN,NaN,7.7,3.4,10.5,NaN,74,1
M4,-9.999136,54.999966,2010-01-03T21:00:00Z,1027.4,110,6,14,1.5,5,NaN,NaN,4.9,-2.3,10.2,NaN,60,1
M6,-15.88135,53.07482,2010-01-03T21:00:00Z,1021.4,80,25,35,4.6,8,NaN,NaN,7.8,1.7,11.3,NaN,65,1
M2,-5.424046,53.481003,2010-01-03T21:00:00Z,1026,70,10,16,0.6,4,NaN,NaN,4.4,-3.1,9.5,NaN,58,1
M5,-6.704336,51.690426,2010-01-03T21:00:00Z,1023.2,NaN,NaN,NaN,2.2,6,NaN,NaN,4.8,0.4,10.3,NaN,73,1
M6,-15.88135,53.07482,2010-01-03T22:00:00Z,1021.8,80,25,31,5.1,8,NaN,NaN,8.4,3.3,11.3,NaN,70,1
M3,-10.548261,51.215958,2010-01-03T22:00:00Z,1017.6,90,23,35,5,7,NaN,NaN,8,3.9,10.5,NaN,75,1
M4,-9.999136,54.999966,2010-01-03T22:00:00Z,1027.4,90,7,14,1.7,6,NaN,NaN,4.9,-2.6,10.1,NaN,58,1
M2,-5.424046,53.481003,2010-01-03T22:00:00Z,1025.6,100,9,16,0.6,4,NaN,NaN,4.3,-2.4,9.5,NaN,62,1
M5,-6.704336,51.690426,2010-01-03T22:00:00Z,1023.4,NaN,NaN,NaN,2.2,6,NaN,NaN,4.5,-0.2,10.3,NaN,72,1
M3,-10.548261,51.215958,2010-01-03T23:00:00Z,1018.2,90,22,35,4.1,7,NaN,NaN,7.7,4.5,10.5,NaN,80,1
M4,-9.999136,54.999966,2010-01-03T23:00:00Z,1027.6,120,5,12,1.5,6,NaN,NaN,4.8,-3.2,10,NaN,56,1
M6,-15.88135,53.07482,2010-01-03T23:00:00Z,1022.4,80,23,35,4.8,8,NaN,NaN,7.8,3,11.3,NaN,72,1
M2,-5.424046,53.481003,2010-01-03T23:00:00Z,1025.4,50,9,18,0.5,4,NaN,NaN,4.5,-1.3,10,NaN,66,1
M5,-6.704336,51.690426,2010-01-03T23:00:00Z,1023.8,NaN,NaN,NaN,2.4,6,NaN,NaN,4,-1.2,10.3,NaN,69,1
M3,-10.548261,51.215958,2010-01-04T00:00:00Z,1018.4,90,21,33,4.3,7,NaN,NaN,8,3.9,10.6,NaN,75,1
M5,-6.704336,51.690426,2010-01-04T00:00:00Z,1024,NaN,NaN,NaN,2.5,6,NaN,NaN,4.3,-1,10.3,NaN,68,1
M2,-5.424046,53.481003,2010-01-04T00:00:00Z,1025.2,70,10,18,0.6,4,NaN,NaN,4.8,-1.8,10.1,NaN,62,1
M4,-9.999136,54.999966,2010-01-04T00:00:00Z,1028,100,6,12,1.6,6,NaN,NaN,4.8,-4.7,10,NaN,50,1
M6,-15.88135,53.07482,2010-01-04T00:00:00Z,1022.6,90,25,31,4.3,7,NaN,NaN,7.8,3.2,11.3,NaN,73,1
M3,-10.548261,51.215958,2010-01-04T01:00:00Z,1018.8,90,22,31,4.6,8,NaN,NaN,7.2,3.4,10.6,NaN,77,1
M4,-9.999136,54.999966,2010-01-04T01:00:00Z,1027.6,110,3,NaN,1.6,6,NaN,NaN,4.9,-3.9,10,NaN,53,1
M6,-15.88135,53.07482,2010-01-04T01:00:00Z,1023,90,23,31,4.8,8,NaN,NaN,7.9,3.7,11.3,NaN,75,1
M2,-5.424046,53.481003,2010-01-04T01:00:00Z,1025,110,7,14,0.8,4,NaN,NaN,4.4,-1.3,10.1,NaN,66,1
M5,-6.704336,51.690426,2010-01-04T01:00:00Z,1024.2,NaN,NaN,NaN,2.4,6,NaN,NaN,4.2,-0.5,10.3,NaN,72,1
M3,-10.548261,51.215958,2010-01-04T02:00:00Z,1018.4,70,22,31,4,7,NaN,NaN,6.9,4.1,10.7,NaN,82,1
M4,-9.999136,54.999966,2010-01-04T02:00:00Z,1027.4,110,2,2,1.6,6,NaN,NaN,5,-3.6,10,NaN,54,1
M5,-6.704336,51.690426,2010-01-04T02:00:00Z,1024.2,NaN,NaN,NaN,2.5,6,NaN,NaN,4.2,-1.3,10.3,NaN,67,1
M6,-15.88135,53.07482,2010-01-04T02:00:00Z,1022.8,80,25,35,4.5,8,NaN,NaN,8.2,4,11.3,NaN,75,1
M2,-5.424046,53.481003,2010-01-04T02:00:00Z,1024.8,40,8,12,0.8,4,NaN,NaN,4.5,-3.5,10.1,NaN,56,1
M2,-5.424046,53.481003,2010-01-04T03:00:00Z,1025,30,8,12,0.8,4,NaN,NaN,4.5,-4,10.1,NaN,54,1
M3,-10.548261,51.215958,2010-01-04T03:00:00Z,1018.4,70,23,35,3.9,7,NaN,NaN,7,4.6,10.7,NaN,85,1
M6,-15.88135,53.07482,2010-01-04T03:00:00Z,1023,80,23,31,4.8,8,NaN,NaN,7.8,3.3,11.3,NaN,73,1
M5,-6.704336,51.690426,2010-01-04T03:00:00Z,1024.2,NaN,NaN,NaN,2.5,7,NaN,NaN,4.3,-1.2,10.3,NaN,67,1
M4,-9.999136,54.999966,2010-01-04T03:00:00Z,1027,110,2,2,1.3,6,NaN,NaN,5.1,-3.4,9.9,NaN,54,1
M2,-5.424046,53.481003,2010-01-04T04:00:00Z,1024.6,20,7,12,0.8,4,NaN,NaN,4.6,-3.8,10.1,NaN,54,1
M4,-9.999136,54.999966,2010-01-04T04:00:00Z,1026.8,110,2,2,1.2,6,NaN,NaN,5.6,-2.1,9.9,NaN,58,1
M6,-15.88135,53.07482,2010-01-04T04:00:00Z,1023,90,21,33,5,8,NaN,NaN,8.2,2.8,11.3,NaN,69,1
M3,-10.548261,51.215958,2010-01-04T04:00:00Z,1018.8,70,21,35,3.9,7,NaN,NaN,6.7,4.6,10.6,NaN,86,1
M5,-6.704336,51.690426,2010-01-04T04:00:00Z,1023.8,NaN,NaN,NaN,2.2,6,NaN,NaN,4.3,-1.7,10.3,NaN,65,1
M3,-10.548261,51.215958,2010-01-04T05:00:00Z,1019.8,70,22,NaN,3.9,7,NaN,NaN,6.3,3.8,10.6,NaN,84,1
M2,-5.424046,53.481003,2010-01-04T05:00:00Z,1024.2,330,5,8,0.6,4,NaN,NaN,4.3,-3.8,9.8,NaN,56,1
M4,-9.999136,54.999966,2010-01-04T05:00:00Z,1026,110,3,NaN,1.2,7,NaN,NaN,5.8,-1.7,9.9,NaN,58,1
M6,-15.88135,53.07482,2010-01-04T05:00:00Z,1023,80,21,29,4.9,8,NaN,NaN,8.1,1.8,11.3,NaN,64,1
M5,-6.704336,51.690426,2010-01-04T05:00:00Z,1023.4,NaN,NaN,NaN,2.2,6,NaN,NaN,4,-1.9,10.3,NaN,65,1
M4,-9.999136,54.999966,2010-01-04T06:00:00Z,1025,110,4,8,1.2,7,NaN,NaN,6,-1,10,NaN,61,1
M6,-15.88135,53.07482,2010-01-04T06:00:00Z,1023.4,100,18,29,4.5,7,NaN,NaN,7.8,2.5,11.3,NaN,69,1
M3,-10.548261,51.215958,2010-01-04T06:00:00Z,1019.8,80,22,31,3.7,7,NaN,NaN,6.1,3.3,10.7,NaN,82,1
M5,-6.704336,51.690426,2010-01-04T06:00:00Z,1022.8,NaN,NaN,NaN,2.4,7,NaN,NaN,3.7,-2.4,10.3,NaN,64,1
M2,-5.424046,53.481003,2010-01-04T06:00:00Z,1023.8,330,4,10,0.6,4,NaN,NaN,4.4,-3.3,9.7,NaN,57,1
M4,-9.999136,54.999966,2010-01-04T07:00:00Z,1024.4,300,6,10,1.2,7,NaN,NaN,6.8,0.8,9.9,NaN,66,1
M3,-10.548261,51.215958,2010-01-04T07:00:00Z,1019.4,80,21,27,4,8,NaN,NaN,6,3.2,10.7,NaN,82,1
M6,-15.88135,53.07482,2010-01-04T07:00:00Z,1023.4,90,20,29,4.4,8,NaN,NaN,7.8,2.1,11.3,NaN,67,1
M2,-5.424046,53.481003,2010-01-04T07:00:00Z,1023.4,310,5,8,0.6,4,NaN,NaN,4.6,-3.4,9.5,NaN,56,1
M5,-6.704336,51.690426,2010-01-04T07:00:00Z,1022.8,NaN,NaN,NaN,2.2,7,NaN,NaN,3.7,-3.3,10.3,NaN,60,1
M2,-5.424046,53.481003,2010-01-04T08:00:00Z,1022.8,300,11,14,0.5,4,NaN,NaN,4.3,-2.7,9.5,NaN,60,1
M3,-10.548261,51.215958,2010-01-04T08:00:00Z,1019.8,80,20,29,3.4,7,NaN,NaN,5.9,2.6,10.7,NaN,79,1
M4,-9.999136,54.999966,2010-01-04T08:00:00Z,1024,310,8,14,1.2,6,NaN,NaN,7.2,1.7,10,NaN,68,1
M6,-15.88135,53.07482,2010-01-04T08:00:00Z,1023.8,80,20,27,4.5,7,NaN,NaN,7.5,0.4,11.3,NaN,61,1
M5,-6.704336,51.690426,2010-01-04T08:00:00Z,1022.4,NaN,NaN,NaN,2,7,NaN,NaN,3.7,-5.5,10.2,NaN,51,1
M4,-9.999136,54.999966,2010-01-04T09:00:00Z,1023.4,310,12,20,1.2,6,NaN,NaN,6.7,2.5,10,NaN,74,1
M3,-10.548261,51.215958,2010-01-04T09:00:00Z,1019.4,80,19,27,3.5,7,NaN,NaN,5.7,3,10.7,NaN,83,1
M2,-5.424046,53.481003,2010-01-04T09:00:00Z,1022.6,310,11,16,0.6,5,NaN,NaN,4.1,-3.2,9.5,NaN,59,1
M5,-6.704336,51.690426,2010-01-04T09:00:00Z,1022.8,NaN,NaN,NaN,2,7,NaN,NaN,3.8,-3.7,10.2,NaN,58,1
M6,-15.88135,53.07482,2010-01-04T09:00:00Z,1024,70,19,27,4,7,NaN,NaN,7.3,0.5,11.3,NaN,62,1
M2,-5.424046,53.481003,2010-01-04T10:00:00Z,1022.2,310,9,18,0.6,5,NaN,NaN,4.2,-2.5,9.6,NaN,62,1
M5,-6.704336,51.690426,2010-01-04T10:00:00Z,1022.8,NaN,NaN,NaN,2,6,NaN,NaN,3.8,-4.6,10.2,NaN,54,1
M6,-15.88135,53.07482,2010-01-04T10:00:00Z,1024.8,70,17,25,4.3,8,NaN,NaN,7.1,0.8,11.3,NaN,64,1
M3,-10.548261,51.215958,2010-01-04T10:00:00Z,1019.6,80,18,27,3.5,7,NaN,NaN,5.9,3.1,10.7,NaN,82,1
M4,-9.999136,54.999966,2010-01-04T10:00:00Z,1023.2,310,10,16,1.5,5,NaN,NaN,6.2,3,10,NaN,80,1
M3,-10.548261,51.215958,2010-01-04T11:00:00Z,1019.8,80,18,25,3.4,7,NaN,NaN,5.9,2.4,10.7,NaN,78,1
M2,-5.424046,53.481003,2010-01-04T11:00:00Z,1021.8,290,9,16,0.8,6,NaN,NaN,3.9,-1.3,9.9,NaN,69,1
M4,-9.999136,54.999966,2010-01-04T11:00:00Z,1022.8,10,6,14,1.6,6,NaN,NaN,5.8,2.8,10,NaN,81,1
M6,-15.88135,53.07482,2010-01-04T11:00:00Z,1025,80,16,23,3.5,7,NaN,NaN,6.7,-0.9,11.3,NaN,58,1
M5,-6.704336,51.690426,2010-01-04T11:00:00Z,1022.6,NaN,NaN,NaN,2,7,NaN,NaN,3.7,-4.7,10.2,NaN,54,1
M6,-15.88135,53.07482,2010-01-04T12:00:00Z,1025,80,15,23,3.7,7,NaN,NaN,6.8,-0.4,11.3,NaN,60,1
M2,-5.424046,53.481003,2010-01-04T12:00:00Z,1020.8,280,11,16,0.8,6,NaN,NaN,4.6,0.8,10,NaN,76,1
M3,-10.548261,51.215958,2010-01-04T12:00:00Z,1021.8,80,17,25,3.2,7,NaN,NaN,5.9,2.2,10.7,NaN,77,1
M4,-9.999136,54.999966,2010-01-04T12:00:00Z,1022.4,360,7,12,1.7,6,NaN,NaN,6.1,2.7,10,NaN,79,1
M5,-6.704336,51.690426,2010-01-04T12:00:00Z,1022,NaN,NaN,NaN,2,8,NaN,NaN,3.9,-5,10.2,NaN,52,1
M4,-9.999136,54.999966,2010-01-04T13:00:00Z,1021.4,310,7,14,1.6,6,NaN,NaN,6.8,2.5,10.1,NaN,74,1
M6,-15.88135,53.07482,2010-01-04T13:00:00Z,1024.8,80,14,21,3.4,8,NaN,NaN,6.6,-1.3,11.2,NaN,57,1
M5,-6.704336,51.690426,2010-01-04T13:00:00Z,1021.4,NaN,NaN,NaN,2,7,NaN,NaN,4.2,-4.5,10.2,NaN,53,1
M2,-5.424046,53.481003,2010-01-04T13:00:00Z,1019.8,260,14,16,0.8,5,NaN,NaN,3.9,1.2,10.1,NaN,82,1
M3,-10.548261,51.215958,2010-01-04T13:00:00Z,1021.4,70,16,25,3.2,6,NaN,NaN,5.4,1.1,10.7,NaN,74,1
M4,-9.999136,54.999966,2010-01-04T14:00:00Z,1020.4,340,10,16,1.6,6,NaN,NaN,7.2,2.7,10,NaN,73,1
M3,-10.548261,51.215958,2010-01-04T14:00:00Z,1021,70,14,21,3,7,NaN,NaN,5.7,0.3,10.6,NaN,68,1
M6,-15.88135,53.07482,2010-01-04T14:00:00Z,1024.4,60,14,21,3.4,7,NaN,NaN,6.8,-1,11.2,NaN,58,1
M5,-6.704336,51.690426,2010-01-04T14:00:00Z,1020.8,NaN,NaN,NaN,1.8,7,NaN,NaN,4.5,-3.3,10.2,NaN,57,1
M2,-5.424046,53.481003,2010-01-04T14:00:00Z,1018.8,270,15,20,1.1,5,NaN,NaN,4.4,1.9,10,NaN,84,1
M3,-10.548261,51.215958,2010-01-04T15:00:00Z,1020.4,70,13,20,2.9,7,NaN,NaN,5.2,-1,10.6,NaN,64,1
M4,-9.999136,54.999966,2010-01-04T15:00:00Z,1019.6,350,11,16,1.7,6,NaN,NaN,6.5,3.4,10,NaN,81,1
M6,-15.88135,53.07482,2010-01-04T15:00:00Z,1023.8,60,12,20,3.5,8,NaN,NaN,6.5,-1.2,11.2,NaN,58,1
M2,-5.424046,53.481003,2010-01-04T15:00:00Z,1017.8,280,17,20,1.1,4,NaN,NaN,4.3,1.6,10,NaN,83,1
M5,-6.704336,51.690426,2010-01-04T15:00:00Z,1020,NaN,NaN,NaN,2,8,NaN,NaN,4.1,-1.5,10.2,NaN,67,1
M2,-5.424046,53.481003,2010-01-04T16:00:00Z,1017.6,250,16,23,1.1,4,NaN,NaN,3.7,0.8,10.1,NaN,81,1
M6,-15.88135,53.07482,2010-01-04T16:00:00Z,1023.6,60,12,20,3,7,NaN,NaN,6.9,-0.3,11.2,NaN,60,1
M5,-6.704336,51.690426,2010-01-04T16:00:00Z,NaN,NaN,NaN,NaN,NaN,NaN,NaN,NaN,4.6,NaN,10.2,NaN,NaN,1
M4,-9.999136,54.999966,2010-01-04T16:00:00Z,1018.8,350,6,12,1.6,5,NaN,NaN,6.7,2.3,10,NaN,74,1
M3,-10.548261,51.215958,2010-01-04T16:00:00Z,1020.6,60,11,20,2.9,7,NaN,NaN,5.4,-0.8,10.6,NaN,64,1
M3,-10.548261,51.215958,2010-01-04T17:00:00Z,1020.8,40,10,16,2.5,7,NaN,NaN,5.1,-1.5,10.6,NaN,62,1
M5,-6.704336,51.690426,2010-01-04T17:00:00Z,1019.2,NaN,NaN,NaN,1.6,6,NaN,NaN,5,-2.6,10.2,NaN,58,1
M2,-5.424046,53.481003,2010-01-04T17:00:00Z,1016.8,260,18,21,1,4,NaN,NaN,3.4,0.8,9.9,NaN,83,1
M4,-9.999136,54.999966,2010-01-04T17:00:00Z,1018.2,340,6,16,1.7,6,NaN,NaN,7.1,3.5,9.9,NaN,78,1
M6,-15.88135,53.07482,2010-01-04T17:00:00Z,1023.6,50,9,20,3,7,NaN,NaN,7,-0.3,11.2,NaN,60,1
M3,-10.548261,51.215958,2010-01-04T18:00:00Z,1020.2,30,8,16,2.4,6,NaN,NaN,4.9,-3,10.5,NaN,57,1
M4,-9.999136,54.999966,2010-01-04T18:00:00Z,1017.2,320,7,12,1.7,5,NaN,NaN,7.5,3.5,9.9,NaN,76,1
M6,-15.88135,53.07482,2010-01-04T18:00:00Z,1023.6,50,10,20,3,7,NaN,NaN,7.1,0.3,11.2,NaN,62,1
M5,-6.704336,51.690426,2010-01-04T18:00:00Z,1018.8,NaN,NaN,NaN,1.7,6,NaN,NaN,4.5,-4.6,10.2,NaN,52,1
M2,-5.424046,53.481003,2010-01-04T18:00:00Z,1016.6,270,20,25,1,4,NaN,NaN,3.4,1.2,9.6,NaN,86,1
M4,-9.999136,54.999966,2010-01-04T19:00:00Z,1016.6,340,7,20,1.7,5,NaN,NaN,6.9,3.5,9.9,NaN,79,1
M3,-10.548261,51.215958,2010-01-04T19:00:00Z,1020.2,30,9,16,2.2,7,NaN,NaN,4.8,-2.5,10.5,NaN,59,1
M6,-15.88135,53.07482,2010-01-04T19:00:00Z,1023.4,40,9,18,2.9,8,NaN,NaN,6.8,-1.7,11.2,NaN,55,1
M2,-5.424046,53.481003,2010-01-04T19:00:00Z,1016,270,21,25,1.2,4,NaN,NaN,3.3,1.3,9.6,NaN,87,1
M5,-6.704336,51.690426,2010-01-04T19:00:00Z,1018.2,NaN,NaN,NaN,1.7,6,NaN,NaN,4.5,-3.2,10.2,NaN,57,1
M3,-10.548261,51.215958,2010-01-04T20:00:00Z,1019.6,30,6,12,2.2,6,NaN,NaN,4.8,-2.9,10.5,NaN,57,1
M6,-15.88135,53.07482,2010-01-04T20:00:00Z,1023,30,6,12,2.5,7,NaN,NaN,7.3,0.1,11.2,NaN,60,1
M4,-9.999136,54.999966,2010-01-04T20:00:00Z,1015.6,310,12,20,1.8,5,NaN,NaN,6.8,3,9.9,NaN,77,1
M2,-5.424046,53.481003,2010-01-04T20:00:00Z,1015.4,260,19,25,1.2,4,NaN,NaN,3.1,1.4,9.6,NaN,89,1
M5,-6.704336,51.690426,2010-01-04T20:00:00Z,1017.6,NaN,NaN,NaN,1.5,6,NaN,NaN,4.3,-2.2,10.2,NaN,63,1
M2,-5.424046,53.481003,2010-01-04T21:00:00Z,1014.6,250,19,25,1.5,4,NaN,NaN,3.1,1.6,9.5,NaN,90,1
M4,-9.999136,54.999966,2010-01-04T21:00:00Z,1015,350,17,23,1.7,5,NaN,NaN,6.7,3.6,10,NaN,81,1
M5,-6.704336,51.690426,2010-01-04T21:00:00Z,1017,NaN,NaN,NaN,1.6,7,NaN,NaN,4.5,-2.1,10.2,NaN,62,1
M3,-10.548261,51.215958,2010-01-04T21:00:00Z,1019.2,10,5,12,2,7,NaN,NaN,5,-2.5,10.5,NaN,58,1
M6,-15.88135,53.07482,2010-01-04T21:00:00Z,1022.8,20,7,14,2.5,8,NaN,NaN,7.5,0.5,11.2,NaN,61,1
M3,-10.548261,51.215958,2010-01-04T22:00:00Z,1019.2,340,5,12,2,6,NaN,NaN,5.3,-2.1,10.5,NaN,59,1
M5,-6.704336,51.690426,2010-01-04T22:00:00Z,1016.4,NaN,NaN,NaN,1.6,6,NaN,NaN,4.4,-1,10.2,NaN,68,1
M4,-9.999136,54.999966,2010-01-04T22:00:00Z,1014.8,360,11,25,2,5,NaN,NaN,5.9,3.4,10,NaN,84,1
M2,-5.424046,53.481003,2010-01-04T22:00:00Z,1013.4,260,18,25,1.5,4,NaN,NaN,2.6,1.2,9.5,NaN,90,1
M6,-15.88135,53.07482,2010-01-04T22:00:00Z,1022.4,350,6,21,2.4,7,NaN,NaN,7.4,1.2,11.2,NaN,65,1
M6,-15.88135,53.07482,2010-01-04T23:00:00Z,1021.8,330,16,23,2.5,7,NaN,NaN,7.8,2.8,11.2,NaN,71,1
M2,-5.424046,53.481003,2010-01-04T23:00:00Z,1012.4,270,18,25,1.5,5,NaN,NaN,3.1,1.8,9.5,NaN,91,1
M3,-10.548261,51.215958,2010-01-04T23:00:00Z,1018.2,310,7,14,2.2,7,NaN,NaN,5.4,-1.2,10.5,NaN,62,1
M4,-9.999136,54.999966,2010-01-04T23:00:00Z,1014.6,20,18,27,2.5,5,NaN,NaN,6.4,1.5,10,NaN,71,1
M5,-6.704336,51.690426,2010-01-04T23:00:00Z,1015.2,NaN,NaN,NaN,1.7,6,NaN,NaN,4.6,-0.9,10.2,NaN,68,1
M2,-5.424046,53.481003,2010-01-05T00:00:00Z,1011,260,19,25,1.5,5,NaN,NaN,3,1.8,9.8,NaN,92,1
M6,-15.88135,53.07482,2010-01-05T00:00:00Z,1021.2,330,15,21,2.2,6,NaN,NaN,8.1,2.2,11.2,NaN,66,1
M4,-9.999136,54.999966,2010-01-05T00:00:00Z,1014.6,360,16,25,3,6,NaN,NaN,6.7,0,10,NaN,62,1
M5,-6.704336,51.690426,2010-01-05T00:00:00Z,1014.6,NaN,NaN,NaN,1.7,6,NaN,NaN,5.1,0.7,10.2,NaN,73,1
M3,-10.548261,51.215958,2010-01-05T00:00:00Z,1017.8,310,10,16,2,7,NaN,NaN,5.6,-1,10.5,NaN,62,1
M4,-9.999136,54.999966,2010-01-05T01:00:00Z,1014.6,30,13,25,3,7,NaN,NaN,4.6,1.6,10,NaN,81,1
M2,-5.424046,53.481003,2010-01-05T01:00:00Z,1010,270,19,25,1.2,5,NaN,NaN,3.8,2.9,10,NaN,94,1
M3,-10.548261,51.215958,2010-01-05T01:00:00Z,1016.8,300,14,20,1.8,7,NaN,NaN,6.5,1.4,10.5,NaN,70,1
M6,-15.88135,53.07482,2010-01-05T01:00:00Z,1020.8,320,19,27,2,7,NaN,NaN,7.5,3.5,11.2,NaN,76,1
M5,-6.704336,51.690426,2010-01-05T01:00:00Z,1013.6,NaN,NaN,NaN,1.7,6,NaN,NaN,5,1.4,10.2,NaN,78,1
M4,-9.999136,54.999966,2010-01-05T02:00:00Z,1014.4,360,15,33,3.7,6,NaN,NaN,2.8,0.9,10,NaN,87,1
M5,-6.704336,51.690426,2010-01-05T02:00:00Z,1012.4,NaN,NaN,NaN,1.7,5,NaN,NaN,4.4,1.2,10.2,NaN,80,1
M3,-10.548261,51.215958,2010-01-05T02:00:00Z,1015.2,300,17,25,1.8,6,NaN,NaN,7.1,2.6,10.5,NaN,73,1
M6,-15.88135,53.07482,2010-01-05T02:00:00Z,1019.8,350,14,25,2.2,6,NaN,NaN,8,4.7,11.2,NaN,80,1
M2,-5.424046,53.481003,2010-01-05T02:00:00Z,1009,260,20,27,1.5,4,NaN,NaN,3.2,2.2,9.8,NaN,93,1
M2,-5.424046,53.481003,2010-01-05T03:00:00Z,1008,280,21,27,1.6,4,NaN,NaN,3.5,2.4,9.8,NaN,92,1
M3,-10.548261,51.215958,2010-01-05T03:00:00Z,1014.4,300,20,29,1.8,5,NaN,NaN,7.8,3.4,10.5,NaN,74,1
M6,-15.88135,53.07482,2010-01-05T03:00:00Z,1019,330,17,27,2,6,NaN,NaN,8,3.7,11.2,NaN,74,1
M4,-9.999136,54.999966,2010-01-05T03:00:00Z,1013.6,10,18,31,3.5,7,NaN,NaN,5.1,-0.2,10,NaN,69,1
M5,-6.704336,51.690426,2010-01-05T03:00:00Z,1012,NaN,NaN,NaN,1.6,5,NaN,NaN,4.8,2.2,10.2,NaN,83,1
M2,-5.424046,53.481003,2010-01-05T04:00:00Z,1007.4,310,18,27,1.3,4,NaN,NaN,3.9,2.5,9.8,NaN,91,1
M3,-10.548261,51.215958,2010-01-05T04:00:00Z,1013.2,300,21,29,2,5,NaN,NaN,8.2,3.4,10.6,NaN,72,1
M4,-9.999136,54.999966,2010-01-05T04:00:00Z,1014,340,16,33,3.9,7,NaN,NaN,4.6,1.1,10,NaN,78,1
M6,-15.88135,53.07482,2010-01-05T04:00:00Z,1018.8,30,23,31,2.2,6,NaN,NaN,7.3,4.4,11.3,NaN,82,1
M2,-5.424046,53.481003,2010-01-05T05:00:00Z,1006.8,330,21,27,1.1,4,NaN,NaN,5.4,0.5,9.8,NaN,71,1
M5,-6.704336,51.690426,2010-01-05T05:00:00Z,1009.6,NaN,NaN,NaN,1.6,5,NaN,NaN,4.6,2.4,10.2,NaN,86,1
M3,-10.548261,51.215958,2010-01-05T05:00:00Z,1011.2,310,18,31,2,5,NaN,NaN,7.5,4.6,10.7,NaN,82,1
M4,-9.999136,54.999966,2010-01-05T05:00:00Z,1013.2,360,19,35,4,7,NaN,NaN,4.6,-0.1,10,NaN,72,1
M6,-15.88135,53.07482,2010-01-05T05:00:00Z,1018.2,20,23,33,2.4,6,NaN,NaN,8.4,3.4,11.3,NaN,71,1
M6,-15.88135,53.07482,2010-01-05T06:00:00Z,1018.2,30,23,33,2.7,5,NaN,NaN,7.8,2.7,11.3,NaN,70,1
M2,-5.424046,53.481003,2010-01-05T06:00:00Z,1006.6,320,21,29,1.3,4,NaN,NaN,5.1,0.8,9.9,NaN,74,1
M3,-10.548261,51.215958,2010-01-05T06:00:00Z,1010.4,320,20,31,2.2,5,NaN,NaN,6.8,3.5,10.7,NaN,80,1
M4,-9.999136,54.999966,2010-01-05T06:00:00Z,1013,20,11,23,3.5,7,NaN,NaN,5.5,-0.7,9.9,NaN,64,1
M5,-6.704336,51.690426,2010-01-05T06:00:00Z,1008.4,NaN,NaN,NaN,1.7,5,NaN,NaN,5.2,3,10.2,NaN,86,1
M5,-6.704336,51.690426,2010-01-05T07:00:00Z,1007.8,NaN,NaN,NaN,1.5,5,NaN,NaN,4.7,2.7,10.1,NaN,87,1
M2,-5.424046,53.481003,2010-01-05T07:00:00Z,1006.2,310,21,29,1.3,4,NaN,NaN,4.3,0.3,9.5,NaN,75,1
M3,-10.548261,51.215958,2010-01-05T07:00:00Z,1009.6,10,22,31,2.2,5,NaN,NaN,6.9,4,10.5,NaN,82,1
M6,-15.88135,53.07482,2010-01-05T07:00:00Z,1018.2,10,16,35,2.7,6,NaN,NaN,6.9,1.9,11.3,NaN,70,1
M4,-9.999136,54.999966,2010-01-05T07:00:00Z,1012.6,10,14,21,4.1,8,NaN,NaN,5.9,-2.3,9.9,NaN,56,1
M2,-5.424046,53.481003,2010-01-05T08:00:00Z,1006,330,25,31,1.6,4,NaN,NaN,4.5,1.3,9.6,NaN,80,1
M5,-6.704336,51.690426,2010-01-05T08:00:00Z,1007.4,NaN,NaN,NaN,1.6,5,NaN,NaN,4.8,1.3,10.1,NaN,78,1
M4,-9.999136,54.999966,2010-01-05T08:00:00Z,1012.4,340,15,23,3.7,8,NaN,NaN,5.5,0.6,9.9,NaN,71,1
M3,-10.548261,51.215958,2010-01-05T08:00:00Z,1009.8,20,18,33,2.4,5,NaN,NaN,6.8,1.6,10.5,NaN,69,1
M6,-15.88135,53.07482,2010-01-05T08:00:00Z,1018.8,20,24,35,3,6,NaN,NaN,6.7,0.9,11.3,NaN,66,1
M6,-15.88135,53.07482,2010-01-05T09:00:00Z,1018.8,30,22,31,3.2,6,NaN,NaN,6.5,1.6,11.3,NaN,71,1
M5,-6.704336,51.690426,2010-01-05T09:00:00Z,1007.4,NaN,NaN,NaN,1.5,4,NaN,NaN,4.4,1.3,10.1,NaN,80,1
M3,-10.548261,51.215958,2010-01-05T09:00:00Z,1010.2,30,16,29,2.2,5,NaN,NaN,5.8,1.7,10.5,NaN,75,1
M4,-9.999136,54.999966,2010-01-05T09:00:00Z,NaN,10,17,NaN,NaN,NaN,NaN,NaN,NaN,NaN,NaN,NaN,NaN,1
M2,-5.424046,53.481003,2010-01-05T09:00:00Z,1005.6,320,26,33,1.8,4,NaN,NaN,3.3,0.8,9.6,NaN,84,1
M5,-6.704336,51.690426,2010-01-05T10:00:00Z,1007.4,NaN,NaN,NaN,1.8,5,NaN,NaN,4,0.3,10.1,NaN,77,1
M3,-10.548261,51.215958,2010-01-05T10:00:00Z,1011.6,40,16,25,2.2,5,NaN,NaN,5.3,1.4,10.6,NaN,76,1
M6,-15.88135,53.07482,2010-01-05T10:00:00Z,1018.4,30,22,31,3.2,7,NaN,NaN,6.9,0.3,11.3,NaN,63,1
M4,-9.999136,54.999966,2010-01-05T10:00:00Z,1012.6,10,16,25,4,8,NaN,NaN,5.3,1.8,10,NaN,78,1
M2,-5.424046,53.481003,2010-01-05T10:00:00Z,1005.4,360,27,35,2.2,5,NaN,NaN,4,-1,9.6,NaN,70,1
M3,-10.548261,51.215958,2010-01-05T11:00:00Z,1012.4,20,18,25,2.2,6,NaN,NaN,5.8,0.8,10.6,NaN,70,1
M6,-15.88135,53.07482,2010-01-05T11:00:00Z,1018.8,30,18,35,3.4,7,NaN,NaN,6.5,0.8,11.3,NaN,67,1
M5,-6.704336,51.690426,2010-01-05T11:00:00Z,1007.4,NaN,NaN,NaN,1.7,5,NaN,NaN,3.7,0.1,10.1,NaN,77,1
M2,-5.424046,53.481003,2010-01-05T11:00:00Z,1005.4,360,27,35,2.2,6,NaN,NaN,4.2,-0.4,9.6,NaN,72,1
M4,-9.999136,54.999966,2010-01-05T11:00:00Z,1012,10,16,27,4.4,8,NaN,NaN,6.6,1.5,10,NaN,70,1
M3,-10.548261,51.215958,2010-01-05T12:00:00Z,1012,30,18,25,2.2,5,NaN,NaN,5.5,0.2,10.6,NaN,69,1
M5,-6.704336,51.690426,2010-01-05T12:00:00Z,1007,NaN,NaN,NaN,1.7,5,NaN,NaN,3.8,0.3,10.1,NaN,78,1
M2,-5.424046,53.481003,2010-01-05T12:00:00Z,1004.8,360,23,29,2.2,6,NaN,NaN,4.7,-0.7,9.9,NaN,68,1
M4,-9.999136,54.999966,2010-01-05T12:00:00Z,1012,20,16,31,4.3,8,NaN,NaN,6.2,2.2,10,NaN,76,1
M6,-15.88135,53.07482,2010-01-05T12:00:00Z,1018.4,30,17,27,3.2,6,NaN,NaN,7.7,0.6,11.3,NaN,61,1
M2,-5.424046,53.481003,2010-01-05T13:00:00Z,1004.6,10,22,33,1.8,6,NaN,NaN,4.4,-1,9.9,NaN,68,1
M4,-9.999136,54.999966,2010-01-05T13:00:00Z,1011.6,20,18,35,4,7,NaN,NaN,7.4,2.4,10,NaN,70,1
M3,-10.548261,51.215958,2010-01-05T13:00:00Z,1011.6,20,18,25,2,5,NaN,NaN,5.4,-2.1,10.6,NaN,58,1
M6,-15.88135,53.07482,2010-01-05T13:00:00Z,1018.2,20,17,29,3.4,7,NaN,NaN,7.7,-1.2,11.3,NaN,53,1
M5,-6.704336,51.690426,2010-01-05T13:00:00Z,1006.4,NaN,NaN,NaN,1.8,5,NaN,NaN,3.4,-0.9,10.2,NaN,73,1
M3,-10.548261,51.215958,2010-01-05T14:00:00Z,1011,10,17,23,2.2,6,NaN,NaN,5.5,-1.6,10.5,NaN,60,1
M4,-9.999136,54.999966,2010-01-05T14:00:00Z,1011.4,30,22,33,4.6,8,NaN,NaN,7.1,1.1,9.9,NaN,66,1
M2,-5.424046,53.481003,2010-01-05T14:00:00Z,1004.4,10,22,29,2.2,6,NaN,NaN,4.5,-1.3,9.9,NaN,66,1
M5,-6.704336,51.690426,2010-01-05T14:00:00Z,1005.8,NaN,NaN,NaN,1.7,5,NaN,NaN,3.6,-1.2,10.1,NaN,71,1
M6,-15.88135,53.07482,2010-01-05T14:00:00Z,1018,30,22,35,3.2,7,NaN,NaN,5.8,2,11.3,NaN,76,1
M2,-5.424046,53.481003,2010-01-05T15:00:00Z,1004.4,10,21,31,2.4,5,NaN,NaN,4.6,-0.5,9.8,NaN,70,1
M5,-6.704336,51.690426,2010-01-05T15:00:00Z,1005.6,NaN,NaN,NaN,1.7,4,NaN,NaN,4.3,0,10.2,NaN,74,1
M6,-15.88135,53.07482,2010-01-05T15:00:00Z,1017.8,50,13,29,3.5,7,NaN,NaN,4.9,0.4,11.3,NaN,73,1
M4,-9.999136,54.999966,2010-01-05T15:00:00Z,1012,20,26,35,4.9,8,NaN,NaN,4.5,0.6,9.9,NaN,76,1
M3,-10.548261,51.215958,2010-01-05T15:00:00Z,1010.6,360,17,25,2.2,6,NaN,NaN,5.8,-1.8,10.5,NaN,58,1
M3,-10.548261,51.215958,2010-01-05T16:00:00Z,1010.4,350,19,25,2.2,6,NaN,NaN,6.4,-0.2,10.5,NaN,63,1
M2,-5.424046,53.481003,2010-01-05T16:00:00Z,1004.8,20,22,31,2.2,5,NaN,NaN,4.2,-1.5,9.8,NaN,66,1
M6,-15.88135,53.07482,2010-01-05T16:00:00Z,1017.2,40,19,31,3.5,8,NaN,NaN,8.2,1.3,11.3,NaN,62,1
M4,-9.999136,54.999966,2010-01-05T16:00:00Z,1012,30,24,31,4.6,7,NaN,NaN,6.4,0.1,9.9,NaN,64,1
M5,-6.704336,51.690426,2010-01-05T16:00:00Z,1005.4,NaN,NaN,NaN,2,5,NaN,NaN,4.2,-0.8,10.1,NaN,70,1
M2,-5.424046,53.481003,2010-01-05T17:00:00Z,1005,10,21,29,1.8,5,NaN,NaN,4.2,-3.1,9.8,NaN,59,1
M4,-9.999136,54.999966,2010-01-05T17:00:00Z,1012.2,30,20,33,5.6,8,NaN,NaN,6.7,-0.5,10,NaN,60,1
M3,-10.548261,51.215958,2010-01-05T17:00:00Z,1010.4,350,22,31,2.5,6,NaN,NaN,6.5,1,10.5,NaN,68,1
M6,-15.88135,53.07482,2010-01-05T17:00:00Z,1017.8,50,21,33,3.4,7,NaN,NaN,8.2,2.7,11.3,NaN,68,1
M5,-6.704336,51.690426,2010-01-05T17:00:00Z,1005.4,NaN,NaN,NaN,2.2,5,NaN,NaN,3.5,-1.3,10.2,NaN,71,1
M3,-10.548261,51.215958,2010-01-05T18:00:00Z,1010,340,21,37,2.5,6,NaN,NaN,6.3,2.5,10.5,NaN,77,1
M4,-9.999136,54.999966,2010-01-05T18:00:00Z,1012,30,20,37,5,8,NaN,NaN,6.4,-0.1,10,NaN,63,1
M2,-5.424046,53.481003,2010-01-05T18:00:00Z,1005,10,22,29,1.7,5,NaN,NaN,4.4,-1.8,10,NaN,64,1
M6,-15.88135,53.07482,2010-01-05T18:00:00Z,1018,70,14,33,3.7,7,NaN,NaN,7.3,2.6,11.3,NaN,72,1
M5,-6.704336,51.690426,2010-01-05T18:00:00Z,1005.4,NaN,NaN,NaN,2.2,5,NaN,NaN,3.8,-0.2,10.1,NaN,75,1
M3,-10.548261,51.215958,2010-01-05T19:00:00Z,1009,340,19,29,2.5,6,NaN,NaN,7.1,1.3,10.5,NaN,67,1
M4,-9.999136,54.999966,2010-01-05T19:00:00Z,1012.6,30,21,31,5,8,NaN,NaN,6.7,-0.5,9.9,NaN,60,1
M6,-15.88135,53.07482,2010-01-05T19:00:00Z,1018,20,22,31,3.7,7,NaN,NaN,7.4,1.6,11.3,NaN,67,1
M2,-5.424046,53.481003,2010-01-05T19:00:00Z,1005.4,30,23,31,1.7,4,NaN,NaN,5.1,0.3,9.9,NaN,71,1
M5,-6.704336,51.690426,2010-01-05T19:00:00Z,1005.6,NaN,NaN,NaN,2.4,5,NaN,NaN,3.8,-0.4,10.1,NaN,74,1
M6,-15.88135,53.07482,2010-01-05T20:00:00Z,1018.2,40,21,31,4,7,NaN,NaN,7.8,3.1,11.3,NaN,72,1
M4,-9.999136,54.999966,2010-01-05T20:00:00Z,1012.8,30,19,31,4.9,8,NaN,NaN,6.6,-0.4,9.9,NaN,61,1
M2,-5.424046,53.481003,2010-01-05T20:00:00Z,1005.4,20,24,31,1.7,5,NaN,NaN,4.7,-0.8,9.6,NaN,68,1
M3,-10.548261,51.215958,2010-01-05T20:00:00Z,1009,350,22,31,2.7,6,NaN,NaN,6.9,1.5,10.5,NaN,68,1
M5,-6.704336,51.690426,2010-01-05T20:00:00Z,1005.6,NaN,NaN,NaN,2.5,5,NaN,NaN,3.7,0,10.1,NaN,77,1
M2,-5.424046,53.481003,2010-01-05T21:00:00Z,1005.4,20,23,29,1.6,4,NaN,NaN,5.5,1,9.6,NaN,73,1
M5,-6.704336,51.690426,2010-01-05T21:00:00Z,1005.4,NaN,NaN,NaN,2.2,5,NaN,NaN,3.9,0.6,10.1,NaN,79,1
M3,-10.548261,51.215958,2010-01-05T21:00:00Z,1009.4,360,19,35,2.7,6,NaN,NaN,6.1,1.8,10.5,NaN,74,1
M4,-9.999136,54.999966,2010-01-05T21:00:00Z,1012.6,30,20,31,4.9,8,NaN,NaN,7,-0.1,9.9,NaN,61,1
M6,-15.88135,53.07482,2010-01-05T21:00:00Z,1017.8,30,20,31,3.7,8,NaN,NaN,7.8,1.4,11.3,NaN,64,1
M2,-5.424046,53.481003,2010-01-05T22:00:00Z,1005.4,30,23,31,1.8,5,NaN,NaN,4.9,-0.4,9.6,NaN,68,1
M4,-9.999136,54.999966,2010-01-05T22:00:00Z,1013.2,30,21,35,4.8,8,NaN,NaN,6.6,-2.1,9.9,NaN,54,1
M5,-6.704336,51.690426,2010-01-05T22:00:00Z,1005.2,NaN,NaN,NaN,2.2,5,NaN,NaN,3.9,0.8,10.1,NaN,80,1
M3,-10.548261,51.215958,2010-01-05T22:00:00Z,1010,20,18,25,2.5,6,NaN,NaN,6.3,1.4,10.5,NaN,71,1
M6,-15.88135,53.07482,2010-01-05T22:00:00Z,1017.8,60,15,27,3.7,8,NaN,NaN,7.1,2.8,11.3,NaN,74,1
M4,-9.999136,54.999966,2010-01-05T23:00:00Z,1013.2,40,19,31,4.8,8,NaN,NaN,6.2,-2.4,9.9,NaN,54,1
M6,-15.88135,53.07482,2010-01-05T23:00:00Z,1017.8,70,17,27,4,8,NaN,NaN,6.5,1.6,11.4,NaN,71,1
M2,-5.424046,53.481003,2010-01-05T23:00:00Z,1005.2,40,24,33,1.8,5,NaN,NaN,5,0.3,9.6,NaN,72,1
M3,-10.548261,51.215958,2010-01-05T23:00:00Z,1009.4,20,17,25,2.5,6,NaN,NaN,6.1,1.6,10.5,NaN,73,1
M5,-6.704336,51.690426,2010-01-05T23:00:00Z,1005,NaN,NaN,NaN,2.4,5,NaN,NaN,3.6,0.6,10.1,NaN,81,1
M4,-9.999136,54.999966,2010-01-06T00:00:00Z,1014,40,19,27,5,8,NaN,NaN,6,-3,10,NaN,52,1
M2,-5.424046,53.481003,2010-01-06T00:00:00Z,1005.4,30,24,33,1.8,5,NaN,NaN,4.6,0.5,9.8,NaN,75,1
M3,-10.548261,51.215958,2010-01-06T00:00:00Z,1009.6,20,18,25,2.5,6,NaN,NaN,6.1,1.5,10.5,NaN,72,1
M6,-15.88135,53.07482,2010-01-06T00:00:00Z,1018.2,60,18,27,3.5,8,NaN,NaN,5.7,2.3,11.3,NaN,79,1
M5,-6.704336,51.690426,2010-01-06T00:00:00Z,1004.8,NaN,NaN,NaN,2.2,5,NaN,NaN,4.3,1.5,10.1,NaN,82,1
M3,-10.548261,51.215958,2010-01-06T01:00:00Z,1010,30,19,25,2.5,6,NaN,NaN,5.5,-0.5,10.5,NaN,65,1
M6,-15.88135,53.07482,2010-01-06T01:00:00Z,1018.4,30,25,39,3.7,7,NaN,NaN,4.2,1.5,11.3,NaN,83,1
M2,-5.424046,53.481003,2010-01-06T01:00:00Z,1005.4,30,25,35,2,6,NaN,NaN,4.3,-0.4,9.8,NaN,72,1
M4,-9.999136,54.999966,2010-01-06T01:00:00Z,1014.2,40,17,27,4.6,8,NaN,NaN,6.1,-1.5,10,NaN,58,1
M5,-6.704336,51.690426,2010-01-06T01:00:00Z,1004.4,NaN,NaN,NaN,2.4,5,NaN,NaN,3.7,1,10.1,NaN,82,1
M4,-9.999136,54.999966,2010-01-06T02:00:00Z,1014.2,40,15,27,4.5,8,NaN,NaN,5.9,-3.3,10,NaN,52,1
M6,-15.88135,53.07482,2010-01-06T02:00:00Z,1018.4,10,24,33,3.7,8,NaN,NaN,5.1,2.4,11.3,NaN,83,1
M2,-5.424046,53.481003,2010-01-06T02:00:00Z,1005.4,20,26,35,2.2,6,NaN,NaN,4.2,-0.2,9.9,NaN,73,1
M3,-10.548261,51.215958,2010-01-06T02:00:00Z,1010.2,20,18,27,2.5,6,NaN,NaN,5.9,-0.4,10.5,NaN,64,1
M5,-6.704336,51.690426,2010-01-06T02:00:00Z,1004.4,NaN,NaN,NaN,NaN,NaN,NaN,NaN,3.9,1.5,10.1,NaN,84,1
M2,-5.424046,53.481003,2010-01-06T03:00:00Z,1005.6,30,27,35,2.7,6,NaN,NaN,4.5,0.1,9.8,NaN,73,1
M3,-10.548261,51.215958,2010-01-06T03:00:00Z,1009.6,20,19,29,2.7,6,NaN,NaN,5.9,-0.1,10.5,NaN,65,1
M6,-15.88135,53.07482,2010-01-06T03:00:00Z,1018,20,17,31,4,8,NaN,NaN,6.3,1.3,11.3,NaN,70,1
M4,-9.999136,54.999966,2010-01-06T03:00:00Z,1014.8,40,16,25,4.4,7,NaN,NaN,6.1,-3.6,9.9,NaN,50,1
M5,-6.704336,51.690426,2010-01-06T03:00:00Z,1004.4,NaN,NaN,NaN,2.5,5,NaN,NaN,3.9,1.4,10.1,NaN,84,1
M2,-5.424046,53.481003,2010-01-06T04:00:00Z,1005.8,20,28,37,3,6,NaN,NaN,4.5,-0.5,9.8,NaN,70,1
M3,-10.548261,51.215958,2010-01-06T04:00:00Z,1009.6,20,21,29,2.5,6,NaN,NaN,5.9,-0.4,10.5,NaN,64,1
M4,-9.999136,54.999966,2010-01-06T04:00:00Z,1015,40,15,21,4.1,7,NaN,NaN,6.3,-2.5,9.9,NaN,53,1
M6,-15.88135,53.07482,2010-01-06T04:00:00Z,1018.2,30,21,37,3.9,8,NaN,NaN,6.5,1.9,11.3,NaN,72,1
M5,-6.704336,51.690426,2010-01-06T04:00:00Z,1004.4,NaN,NaN,NaN,2.5,5,NaN,NaN,3.9,1.6,10.1,NaN,85,1
M2,-5.424046,53.481003,2010-01-06T05:00:00Z,1005.8,30,30,39,3.2,6,NaN,NaN,5.1,1,9.8,NaN,75,1
M4,-9.999136,54.999966,2010-01-06T05:00:00Z,1014.8,40,14,23,4,8,NaN,NaN,6.3,-2.2,9.9,NaN,54,1
M5,-6.704336,51.690426,2010-01-06T05:00:00Z,1004.6,NaN,NaN,NaN,2.7,6,NaN,NaN,3.9,1.5,10.1,NaN,84,1
M3,-10.548261,51.215958,2010-01-06T05:00:00Z,1009.6,20,21,31,2.5,6,NaN,NaN,5.3,0.6,10.5,NaN,72,1
M6,-15.88135,53.07482,2010-01-06T05:00:00Z,1018,20,18,25,3.5,7,NaN,NaN,6.9,2.1,11.3,NaN,72,1
M6,-15.88135,53.07482,2010-01-06T06:00:00Z,1018.2,30,19,29,3.7,7,NaN,NaN,7.4,0.8,11.3,NaN,63,1
M5,-6.704336,51.690426,2010-01-06T06:00:00Z,1004.4,NaN,NaN,NaN,3,6,NaN,NaN,4.1,1.8,10.1,NaN,85,1
M3,-10.548261,51.215958,2010-01-06T06:00:00Z,1010,20,22,31,2.7,6,NaN,NaN,4.9,0.7,10.6,NaN,74,1
M2,-5.424046,53.481003,2010-01-06T06:00:00Z,1006.6,30,30,39,3.2,6,NaN,NaN,4.6,-0.3,9.9,NaN,70,1
M4,-9.999136,54.999966,2010-01-06T06:00:00Z,1014.8,10,15,29,3.7,7,NaN,NaN,5.5,1.1,9.9,NaN,73,1
M3,-10.548261,51.215958,2010-01-06T07:00:00Z,1010.4,30,21,31,2.7,6,NaN,NaN,4.6,-0.2,10.6,NaN,71,1
M4,-9.999136,54.999966,2010-01-06T07:00:00Z,1015.2,20,14,21,3.7,7,NaN,NaN,5.4,-1,9.9,NaN,63,1
M6,-15.88135,53.07482,2010-01-06T07:00:00Z,1018.2,30,17,31,4.1,9,NaN,NaN,6.7,0.6,11.3,NaN,65,1
M2,-5.424046,53.481003,2010-01-06T07:00:00Z,1007,20,30,39,2.9,5,NaN,NaN,4.5,0.4,9.8,NaN,75,1
M4,-9.999136,54.999966,2010-01-06T08:00:00Z,1015.2,20,11,20,3.5,7,NaN,NaN,5.1,-1.4,9.9,NaN,63,1
M3,-10.548261,51.215958,2010-01-06T08:00:00Z,1011,30,22,33,2.9,6,NaN,NaN,4.3,-2.9,10.6,NaN,60,1
M2,-5.424046,53.481003,2010-01-06T08:00:00Z,1007.6,20,28,41,3,6,NaN,NaN,4.2,-0.4,9.8,NaN,72,1
M6,-15.88135,53.07482,2010-01-06T08:00:00Z,1018.8,30,14,27,4.3,8,NaN,NaN,6.3,1,11.3,NaN,69,1
M5,-6.704336,51.690426,2010-01-06T08:00:00Z,1005,NaN,NaN,NaN,3.2,NaN,NaN,NaN,3.9,1.7,10.1,NaN,86,1
M6,-15.88135,53.07482,2010-01-06T09:00:00Z,1019.2,10,17,29,3.9,9,NaN,NaN,6.6,1.1,11.3,NaN,68,1
M4,-9.999136,54.999966,2010-01-06T09:00:00Z,1015.2,20,10,23,3.2,7,NaN,NaN,5.4,0.1,9.9,NaN,69,1
M2,-5.424046,53.481003,2010-01-06T09:00:00Z,1008.4,30,28,39,2.9,6,NaN,NaN,4.3,-0.3,9.7,NaN,72,1
M3,-10.548261,51.215958,2010-01-06T09:00:00Z,1012,40,25,33,3,6,NaN,NaN,4.4,-2.4,10.6,NaN,61,1
M5,-6.704336,51.690426,2010-01-06T09:00:00Z,NaN,NaN,NaN,NaN,NaN,NaN,NaN,NaN,3.2,NaN,10.1,NaN,NaN,1
M3,-10.548261,51.215958,2010-01-06T10:00:00Z,1012.8,30,22,35,3,7,NaN,NaN,4.5,-2.6,10.6,NaN,60,1
M6,-15.88135,53.07482,2010-01-06T10:00:00Z,1019.4,30,15,23,3.9,8,NaN,NaN,7.1,-0.2,11.3,NaN,60,1
M4,-9.999136,54.999966,2010-01-06T10:00:00Z,1015.6,20,18,23,3.2,7,NaN,NaN,5.8,1.1,9.9,NaN,72,1
M2,-5.424046,53.481003,2010-01-06T10:00:00Z,1009,30,23,31,2.9,6,NaN,NaN,3.8,-0.6,9.7,NaN,73,1
M5,-6.704336,51.690426,2010-01-06T10:00:00Z,1006.2,NaN,NaN,NaN,2.9,6,NaN,NaN,4.1,0.7,10,NaN,78,1
M2,-5.424046,53.481003,2010-01-06T11:00:00Z,1009.4,30,24,31,2.7,6,NaN,NaN,4.5,1.3,9.7,NaN,80,1
M5,-6.704336,51.690426,2010-01-06T11:00:00Z,1007,NaN,NaN,NaN,3.2,6,NaN,NaN,4.4,1.2,10,NaN,80,1
M3,-10.548261,51.215958,2010-01-06T11:00:00Z,1014.2,30,22,33,3.2,6,NaN,NaN,4.8,-2,10.6,NaN,61,1
M6,-15.88135,53.07482,2010-01-06T11:00:00Z,1020,30,13,21,4.1,8,NaN,NaN,7.1,0,11.3,NaN,61,1
M4,-9.999136,54.999966,2010-01-06T11:00:00Z,1015.8,10,16,21,2.9,6,NaN,NaN,5.3,0.3,9.9,NaN,70,1
M3,-10.548261,51.215958,2010-01-06T12:00:00Z,1014,20,23,35,3.2,6,NaN,NaN,4.6,-3.5,10.6,NaN,56,1
M4,-9.999136,54.999966,2010-01-06T12:00:00Z,1015.8,40,13,23,3,7,NaN,NaN,6.1,-0.5,9.9,NaN,63,1
M6,-15.88135,53.07482,2010-01-06T12:00:00Z,1020.2,40,20,27,3.4,8,NaN,NaN,6.7,1.3,11.3,NaN,68,1
M5,-6.704336,51.690426,2010-01-06T12:00:00Z,1008,NaN,NaN,NaN,3.2,6,NaN,NaN,2.8,1.3,10,NaN,90,1
M3,-10.548261,51.215958,2010-01-06T13:00:00Z,1013.6,20,23,33,3.2,6,NaN,NaN,5,-2.6,10.6,NaN,58,1
M5,-6.704336,51.690426,2010-01-06T13:00:00Z,NaN,NaN,NaN,NaN,NaN,NaN,NaN,NaN,1.9,NaN,10,NaN,NaN,1
M4,-9.999136,54.999966,2010-01-06T13:00:00Z,1015.6,50,12,20,2.9,7,NaN,NaN,6.3,0.7,9.9,NaN,67,1
M6,-15.88135,53.07482,2010-01-06T13:00:00Z,1020.2,20,16,23,2.9,7,NaN,NaN,7.6,2.1,11.3,NaN,68,1
M4,-9.999136,54.999966,2010-01-06T14:00:00Z,1016.2,20,10,23,3,7,NaN,NaN,5.5,0.6,9.9,NaN,71,1
M2,-5.424046,53.481003,2010-01-06T14:00:00Z,1010.4,40,21,35,2.2,6,NaN,NaN,4.4,-0.8,9.8,NaN,69,1
M5,-6.704336,51.690426,2010-01-06T14:00:00Z,1008.4,NaN,NaN,NaN,2.9,6,NaN,NaN,3.4,2.6,10,NaN,94,1
M3,-10.548261,51.215958,2010-01-06T14:00:00Z,NaN,20,22,35,3,6,NaN,NaN,NaN,NaN,10.7,NaN,NaN,1
M6,-15.88135,53.07482,2010-01-06T14:00:00Z,1020.8,30,20,31,3.5,7,NaN,NaN,6.3,0.6,11.3,NaN,67,1
M2,-5.424046,53.481003,2010-01-06T15:00:00Z,1011.2,40,21,35,2,5,NaN,NaN,4.3,-0.8,9.7,NaN,69,1
M3,-10.548261,51.215958,2010-01-06T15:00:00Z,NaN,20,24,35,2.9,6,NaN,NaN,NaN,NaN,10.6,NaN,NaN,1
M5,-6.704336,51.690426,2010-01-06T15:00:00Z,1009.2,NaN,NaN,NaN,2.5,5,NaN,NaN,3.7,2.3,10,NaN,91,1
M4,-9.999136,54.999966,2010-01-06T15:00:00Z,1016.8,80,8,20,3,6,NaN,NaN,5.9,1.6,9.9,NaN,74,1
M6,-15.88135,53.07482,2010-01-06T15:00:00Z,1020.4,40,16,25,3.2,7,NaN,NaN,6.1,1.1,11.3,NaN,70,1
M6,-15.88135,53.07482,2010-01-06T16:00:00Z,1021,20,19,27,3,7,NaN,NaN,7.5,2.1,11.3,NaN,69,1
M4,-9.999136,54.999966,2010-01-06T16:00:00Z,1017.2,80,6,20,2.7,7,NaN,NaN,5.2,1.4,9.9,NaN,76,1
M3,-10.548261,51.215958,2010-01-06T16:00:00Z,NaN,10,21,33,2.7,6,NaN,NaN,NaN,NaN,10.7,NaN,NaN,1
M2,-5.424046,53.481003,2010-01-06T16:00:00Z,1012.2,40,21,29,2.2,5,NaN,NaN,4.7,-0.9,9.7,NaN,67,1
M5,-6.704336,51.690426,2010-01-06T16:00:00Z,NaN,NaN,NaN,NaN,NaN,NaN,NaN,NaN,4.6,NaN,10,NaN,NaN,1
M3,-10.548261,51.215958,2010-01-06T17:00:00Z,1014.6,10,21,31,2.5,6,NaN,NaN,5.8,-0.2,10.6,NaN,65,1
M6,-15.88135,53.07482,2010-01-06T17:00:00Z,1021.4,20,17,27,2.7,7,NaN,NaN,7.3,1.4,11.3,NaN,66,1
M5,-6.704336,51.690426,2010-01-06T17:00:00Z,1011,NaN,NaN,NaN,2.4,5,NaN,NaN,5.7,-0.9,10,NaN,62,1
M4,-9.999136,54.999966,2010-01-06T17:00:00Z,NaN,40,NaN,NaN,NaN,NaN,NaN,NaN,NaN,NaN,NaN,NaN,NaN,1
M2,-5.424046,53.481003,2010-01-06T17:00:00Z,1013,40,22,31,2.5,5,NaN,NaN,4.3,-3.7,9.6,NaN,56,1
M3,-10.548261,51.215958,2010-01-06T18:00:00Z,1014.8,20,21,31,2.5,6,NaN,NaN,5.6,-0.7,10.6,NaN,64,1
M4,-9.999136,54.999966,2010-01-06T18:00:00Z,1017.6,50,4,12,2.5,6,NaN,NaN,6.3,-1.7,9.8,NaN,56,1
M6,-15.88135,53.07482,2010-01-06T18:00:00Z,1021.8,30,20,25,3,7,NaN,NaN,7.4,1.5,11.3,NaN,66,1
M2,-5.424046,53.481003,2010-01-06T18:00:00Z,1013.8,40,21,27,2,5,NaN,NaN,4.3,-2.1,9.7,NaN,63,1
M5,-6.704336,51.690426,2010-01-06T18:00:00Z,1011.8,NaN,NaN,NaN,2.5,5,NaN,NaN,5.6,-0.8,10,NaN,63,1
M2,-5.424046,53.481003,2010-01-06T19:00:00Z,1014.4,30,19,37,1.7,4,NaN,NaN,4,-3.5,9.8,NaN,58,1
M3,-10.548261,51.215958,2010-01-06T19:00:00Z,1015,20,22,31,2.5,6,NaN,NaN,5.5,0.1,10.6,NaN,68,1
M5,-6.704336,51.690426,2010-01-06T19:00:00Z,1012.2,NaN,NaN,NaN,2.4,5,NaN,NaN,5.6,-1.5,10,NaN,60,1
M6,-15.88135,53.07482,2010-01-06T19:00:00Z,1022.2,20,16,25,3,7,NaN,NaN,7.3,2.4,11.3,NaN,71,1
M4,-9.999136,54.999966,2010-01-06T19:00:00Z,1017.8,40,2,2,2.4,6,NaN,NaN,3.9,0.2,9.9,NaN,77,1
M6,-15.88135,53.07482,2010-01-06T20:00:00Z,1022.4,20,14,21,2.5,7,NaN,NaN,7.5,1.6,11.3,NaN,66,1
M4,-9.999136,54.999966,2010-01-06T20:00:00Z,1018,80,2,2,2.5,6,NaN,NaN,4.9,1.3,9.9,NaN,78,1
M2,-5.424046,53.481003,2010-01-06T20:00:00Z,1014.8,30,16,25,1.7,4,NaN,NaN,4,-4.7,9.7,NaN,53,1
M3,-10.548261,51.215958,2010-01-06T20:00:00Z,NaN,20,20,29,2.5,6,NaN,NaN,NaN,NaN,10.7,NaN,NaN,1
M5,-6.704336,51.690426,2010-01-06T20:00:00Z,1013.2,NaN,NaN,NaN,2.2,5,NaN,NaN,5.6,-0.8,10,NaN,63,1
M6,-15.88135,53.07482,2010-01-06T21:00:00Z,1022.4,10,15,23,2.7,7,NaN,NaN,7.4,0.4,11.3,NaN,61,1
M5,-6.704336,51.690426,2010-01-06T21:00:00Z,1013.8,NaN,NaN,NaN,2.2,5,NaN,NaN,4.7,-2.9,10,NaN,58,1
M3,-10.548261,51.215958,2010-01-06T21:00:00Z,NaN,40,18,27,2.5,6,NaN,NaN,NaN,NaN,10.7,NaN,NaN,1
M4,-9.999136,54.999966,2010-01-06T21:00:00Z,1017.8,310,2,2,2.2,6,NaN,NaN,3.3,0.8,9.9,NaN,84,1
M2,-5.424046,53.481003,2010-01-06T21:00:00Z,1015,10,17,20,1.3,4,NaN,NaN,4.5,-3.7,9.7,NaN,55,1
M2,-5.424046,53.481003,2010-01-06T22:00:00Z,1015,10,15,21,1.2,4,NaN,NaN,4.4,-4.4,9.7,NaN,53,1
M5,-6.704336,51.690426,2010-01-06T22:00:00Z,1014.6,NaN,NaN,NaN,2.2,5,NaN,NaN,4.8,-2.7,10,NaN,58,1
M3,-10.548261,51.215958,2010-01-06T22:00:00Z,1016.6,40,16,23,2.5,6,NaN,NaN,4.5,-0.6,10.5,NaN,70,1
M4,-9.999136,54.999966,2010-01-06T22:00:00Z,1017.8,310,3,NaN,2.5,7,NaN,NaN,5.3,1.6,10,NaN,77,1
M6,-15.88135,53.07482,2010-01-06T22:00:00Z,1022.4,10,12,21,2.7,7,NaN,NaN,7.4,0.5,11.3,NaN,62,1
M2,-5.424046,53.481003,2010-01-06T23:00:00Z,1015.2,80,13,21,1.1,4,NaN,NaN,2.2,-0.6,9.7,NaN,82,1
M3,-10.548261,51.215958,2010-01-06T23:00:00Z,1017.8,50,13,25,2.2,6,NaN,NaN,4.8,-0.2,10.6,NaN,70,1
M4,-9.999136,54.999966,2010-01-06T23:00:00Z,1017.8,50,10,23,2.2,6,NaN,NaN,3.9,1.2,10,NaN,82,1
M6,-15.88135,53.07482,2010-01-06T23:00:00Z,1022.6,10,14,23,2.5,6,NaN,NaN,7.8,1.1,11.3,NaN,62,1
M5,-6.704336,51.690426,2010-01-06T23:00:00Z,1015,NaN,NaN,NaN,2,5,NaN,NaN,5,-0.4,10,NaN,68,1
M3,-10.548261,51.215958,2010-01-07T00:00:00Z,1018,50,11,21,2.2,6,NaN,NaN,4.6,-0.4,10.6,NaN,70,1
M6,-15.88135,53.07482,2010-01-07T00:00:00Z,1022.6,10,14,20,2.5,7,NaN,NaN,7.5,1.5,11.3,NaN,66,1
M4,-9.999136,54.999966,2010-01-07T00:00:00Z,1017.8,20,4,12,2.2,6,NaN,NaN,3.9,0,10,NaN,76,1
M2,-5.424046,53.481003,2010-01-07T00:00:00Z,1014.8,340,8,20,0.8,4,NaN,NaN,4.2,0.8,9.7,NaN,78,1
M5,-6.704336,51.690426,2010-01-07T00:00:00Z,1015.2,NaN,NaN,NaN,1.8,5,NaN,NaN,4.2,-1.1,10,NaN,68,1
M6,-15.88135,53.07482,2010-01-07T01:00:00Z,1022.4,20,13,20,2.5,7,NaN,NaN,7.3,1.7,11.3,NaN,68,1
M3,-10.548261,51.215958,2010-01-07T01:00:00Z,1018.4,30,10,16,2.2,6,NaN,NaN,5,-0.6,10.6,NaN,67,1
M2,-5.424046,53.481003,2010-01-07T01:00:00Z,1014.4,300,18,25,1,4,NaN,NaN,4.3,-0.4,9.7,NaN,72,1
M4,-9.999136,54.999966,2010-01-07T01:00:00Z,1017.6,40,8,16,1.8,6,NaN,NaN,3.6,1,9.9,NaN,83,1
M2,-5.424046,53.481003,2010-01-07T02:00:00Z,1014.2,290,21,27,1.2,4,NaN,NaN,4.1,0,9.7,NaN,75,1
M4,-9.999136,54.999966,2010-01-07T02:00:00Z,1017,60,2,2,2,7,NaN,NaN,4.6,1.2,9.9,NaN,79,1
M3,-10.548261,51.215958,2010-01-07T02:00:00Z,1018.8,20,11,18,2,6,NaN,NaN,4.4,-1,10.6,NaN,68,1
M6,-15.88135,53.07482,2010-01-07T02:00:00Z,1022.4,10,13,27,2.5,6,NaN,NaN,7.1,2.4,11.3,NaN,72,1
M2,-5.424046,53.481003,2010-01-07T03:00:00Z,1014,300,20,25,1.3,5,NaN,NaN,4.4,0.6,8.8,NaN,76,1
M6,-15.88135,53.07482,2010-01-07T03:00:00Z,1022.4,330,17,25,2.5,6,NaN,NaN,6.4,1.1,11.3,NaN,69,1
M4,-9.999136,54.999966,2010-01-07T03:00:00Z,1016.8,340,9,14,2,6,NaN,NaN,5.5,0.3,9.9,NaN,69,1
M3,-10.548261,51.215958,2010-01-07T03:00:00Z,1018.4,10,12,16,2,6,NaN,NaN,4.8,-1.6,10.6,NaN,63,1
M5,-6.704336,51.690426,2010-01-07T03:00:00Z,1015.6,NaN,NaN,NaN,1.7,5,NaN,NaN,3.6,-1.4,9.9,NaN,70,1
M2,-5.424046,53.481003,2010-01-07T04:00:00Z,1013.6,300,22,27,1.5,4,NaN,NaN,4.2,1,9.7,NaN,80,1
M3,-10.548261,51.215958,2010-01-07T04:00:00Z,1018.8,360,8,16,1.8,6,NaN,NaN,4.8,-1.2,10.6,NaN,65,1
M4,-9.999136,54.999966,2010-01-07T04:00:00Z,1016.6,40,4,6,2,6,NaN,NaN,4.8,2.1,9.8,NaN,83,1
M6,-15.88135,53.07482,2010-01-07T04:00:00Z,1022.4,360,16,25,2.5,6,NaN,NaN,6.7,2.1,11.3,NaN,72,1
M6,-15.88135,53.07482,2010-01-07T05:00:00Z,1022.4,20,15,27,2.5,6,NaN,NaN,6.2,2.3,11.3,NaN,76,1
M3,-10.548261,51.215958,2010-01-07T05:00:00Z,1018.6,360,7,12,1.8,6,NaN,NaN,5.1,-0.5,10.6,NaN,67,1
M4,-9.999136,54.999966,2010-01-07T05:00:00Z,1016.4,350,8,21,2,6,NaN,NaN,3.9,-0.1,9.8,NaN,75,1
M2,-5.424046,53.481003,2010-01-07T05:00:00Z,1013.4,310,19,25,1.5,4,NaN,NaN,4.4,1.2,9.6,NaN,80,1
M5,-6.704336,51.690426,2010-01-07T05:00:00Z,1015.8,NaN,NaN,NaN,1.7,4,NaN,NaN,3.4,-2.6,9.9,NaN,65,1
M2,-5.424046,53.481003,2010-01-07T06:00:00Z,1013.6,350,18,23,1.6,4,NaN,NaN,4.9,0.8,9.6,NaN,75,1
M3,-10.548261,51.215958,2010-01-07T06:00:00Z,NaN,330,8,12,1.7,7,NaN,NaN,NaN,NaN,10.6,NaN,NaN,1
M4,-9.999136,54.999966,2010-01-07T06:00:00Z,1016,350,5,10,2.2,6,NaN,NaN,5.8,0.1,9.8,NaN,67,1
M6,-15.88135,53.07482,2010-01-07T06:00:00Z,1022.2,320,18,31,2.5,6,NaN,NaN,6,2.4,11.3,NaN,78,1
M2,-5.424046,53.481003,2010-01-07T07:00:00Z,1014,320,17,23,1.3,4,NaN,NaN,4.7,1.6,9.6,NaN,80,1
M4,-9.999136,54.999966,2010-01-07T07:00:00Z,1016.2,330,14,21,2,6,NaN,NaN,4.3,1.3,9.8,NaN,81,1
M3,-10.548261,51.215958,2010-01-07T07:00:00Z,NaN,330,8,12,1.7,6,NaN,NaN,NaN,NaN,10.7,NaN,NaN,1
M6,-15.88135,53.07482,2010-01-07T07:00:00Z,1022,340,12,31,2.5,7,NaN,NaN,7.2,2.4,11.3,NaN,72,1
M5,-6.704336,51.690426,2010-01-07T07:00:00Z,1016.2,NaN,NaN,NaN,1.5,4,NaN,NaN,3.6,-1,9.9,NaN,72,1
M6,-15.88135,53.07482,2010-01-07T08:00:00Z,1022.4,320,16,29,2.5,6,NaN,NaN,7.1,3,11.3,NaN,75,1
M2,-5.424046,53.481003,2010-01-07T08:00:00Z,1014.2,340,15,23,1.3,4,NaN,NaN,4.7,0.6,9.7,NaN,75,1
M4,-9.999136,54.999966,2010-01-07T08:00:00Z,1015.8,330,3,NaN,2,6,NaN,NaN,5.7,2.4,9.8,NaN,79,1
M3,-10.548261,51.215958,2010-01-07T08:00:00Z,1018.4,310,8,16,1.7,7,NaN,NaN,6,0.5,10.6,NaN,68,1
M5,-6.704336,51.690426,2010-01-07T08:00:00Z,1016.2,NaN,NaN,NaN,1.5,4,NaN,NaN,3.4,-1.2,9.9,NaN,72,1
M6,-15.88135,53.07482,2010-01-07T09:00:00Z,1022.4,330,15,31,2.7,6,NaN,NaN,6.7,2.4,11.3,NaN,74,1
M3,-10.548261,51.215958,2010-01-07T09:00:00Z,NaN,300,12,18,1.7,7,NaN,NaN,NaN,NaN,10.8,NaN,NaN,1
M4,-9.999136,54.999966,2010-01-07T09:00:00Z,1015.6,310,4,8,2,7,NaN,NaN,6.3,2.1,9.8,NaN,74,1
M2,-5.424046,53.481003,2010-01-07T09:00:00Z,1015,340,13,20,1.2,4,NaN,NaN,4.9,0.2,9.8,NaN,72,1
M5,-6.704336,51.690426,2010-01-07T09:00:00Z,1016.4,NaN,NaN,NaN,1.5,4,NaN,NaN,3.5,-0.2,9.9,NaN,77,1
M2,-5.424046,53.481003,2010-01-07T10:00:00Z,1015.2,300,17,25,1.1,4,NaN,NaN,4.9,2.4,9.7,NaN,84,1
M5,-6.704336,51.690426,2010-01-07T10:00:00Z,1016.8,NaN,NaN,NaN,1.3,4,NaN,NaN,3.7,0.4,9.9,NaN,79,1
M6,-15.88135,53.07482,2010-01-07T10:00:00Z,1022.4,340,18,27,2.7,7,NaN,NaN,7.5,2.7,11.3,NaN,72,1
M3,-10.548261,51.215958,2010-01-07T10:00:00Z,NaN,300,7,21,1.7,6,NaN,NaN,NaN,NaN,10.8,NaN,NaN,1
M4,-9.999136,54.999966,2010-01-07T10:00:00Z,1015.6,290,4,10,2,6,NaN,NaN,6.1,2.2,9.8,NaN,76,1
M6,-15.88135,53.07482,2010-01-07T11:00:00Z,1022.4,340,16,29,2.5,6,NaN,NaN,6.9,2.5,11.3,NaN,74,1
M2,-5.424046,53.481003,2010-01-07T11:00:00Z,1015.6,330,13,23,1.1,4,NaN,NaN,4.5,-1.2,9.6,NaN,66,1
M4,-9.999136,54.999966,2010-01-07T11:00:00Z,1015.2,290,3,NaN,1.8,6,NaN,NaN,6.3,2.3,9.8,NaN,76,1
M3,-10.548261,51.215958,2010-01-07T11:00:00Z,1019.4,360,7,21,1.7,6,NaN,NaN,6.7,2.4,10.6,NaN,74,1
M5,-6.704336,51.690426,2010-01-07T11:00:00Z,1017.2,NaN,NaN,NaN,1.3,4,NaN,NaN,3.3,0.2,10,NaN,80,1
M3,-10.548261,51.215958,2010-01-07T12:00:00Z,1019.4,330,13,18,1.7,6,NaN,NaN,6.7,2.4,10.6,NaN,74,1
M6,-15.88135,53.07482,2010-01-07T12:00:00Z,1022,340,16,25,2.4,6,NaN,NaN,7.8,2.6,11.3,NaN,70,1
M2,-5.424046,53.481003,2010-01-07T12:00:00Z,1015.6,360,10,18,1,4,NaN,NaN,4.9,-0.6,9.8,NaN,68,1
M4,-9.999136,54.999966,2010-01-07T12:00:00Z,1015,290,3,NaN,1.7,6,NaN,NaN,6.3,2.8,9.9,NaN,78,1
M6,-15.88135,53.07482,2010-01-07T13:00:00Z,1021.8,330,15,23,2.4,6,NaN,NaN,8.6,3.6,11.3,NaN,71,1
M4,-9.999136,54.999966,2010-01-07T13:00:00Z,1014.6,270,3,NaN,1.7,6,NaN,NaN,6.9,3.6,9.8,NaN,80,1
M2,-5.424046,53.481003,2010-01-07T13:00:00Z,1015.6,30,9,14,0.6,4,NaN,NaN,4.3,0,9.7,NaN,74,1
M5,-6.704336,51.690426,2010-01-07T13:00:00Z,1016.6,NaN,NaN,NaN,1.2,4,NaN,NaN,3.9,0.9,9.9,NaN,81,1
M3,-10.548261,51.215958,2010-01-07T13:00:00Z,1019.2,340,13,18,1.7,6,NaN,NaN,6.8,1.8,10.6,NaN,70,1
M2,-5.424046,53.481003,2010-01-07T14:00:00Z,1015.2,330,9,12,0.6,4,NaN,NaN,4.6,-1.5,9.7,NaN,65,1
M4,-9.999136,54.999966,2010-01-07T14:00:00Z,1014.2,240,5,16,1.7,6,NaN,NaN,6.1,2.5,9.8,NaN,78,1
M6,-15.88135,53.07482,2010-01-07T14:00:00Z,1021.4,320,15,25,2.5,6,NaN,NaN,8,3.8,11.3,NaN,75,1
M3,-10.548261,51.215958,2010-01-07T14:00:00Z,1017.8,340,11,18,1.8,6,NaN,NaN,6.9,1.3,10.6,NaN,68,1
M5,-6.704336,51.690426,2010-01-07T14:00:00Z,1016.6,NaN,NaN,NaN,1.1,4,NaN,NaN,4,0.7,9.9,NaN,79,1
M4,-9.999136,54.999966,2010-01-07T15:00:00Z,1014.2,310,4,6,1.7,6,NaN,NaN,6.1,3.3,9.8,NaN,82,1
M2,-5.424046,53.481003,2010-01-07T15:00:00Z,1015.2,330,8,14,0.6,4,NaN,NaN,4.7,-2.2,9.6,NaN,61,1
M3,-10.548261,51.215958,2010-01-07T15:00:00Z,1017.8,350,12,20,1.7,6,NaN,NaN,6.7,1.1,10.6,NaN,67,1
M6,-15.88135,53.07482,2010-01-07T15:00:00Z,1021.2,NaN,NaN,NaN,2.4,6,NaN,NaN,8.5,4.1,11.2,NaN,74,1
M5,-6.704336,51.690426,2010-01-07T15:00:00Z,1016.6,NaN,NaN,NaN,1.1,4,NaN,NaN,4.3,1,9.9,NaN,79,1
M3,-10.548261,51.215958,2010-01-07T16:00:00Z,1017.8,350,13,20,1.8,6,NaN,NaN,6.9,2.2,10.6,NaN,72,1
M4,-9.999136,54.999966,2010-01-07T16:00:00Z,1014.4,290,3,NaN,1.8,6,NaN,NaN,6.5,3.9,9.8,NaN,83,1
M6,-15.88135,53.07482,2010-01-07T16:00:00Z,1021,350,14,29,2.5,6,NaN,NaN,8.4,5.1,11.3,NaN,80,1
M2,-5.424046,53.481003,2010-01-07T16:00:00Z,1016,330,9,14,0.8,4,NaN,NaN,4.8,-1.7,9.5,NaN,63,1
M5,-6.704336,51.690426,2010-01-07T16:00:00Z,1016.8,NaN,NaN,NaN,1,4,NaN,NaN,3.9,0.4,9.9,NaN,78,1
M2,-5.424046,53.481003,2010-01-07T17:00:00Z,1016.6,350,8,16,0.8,3,NaN,NaN,4.9,-2,9.5,NaN,61,1
M3,-10.548261,51.215958,2010-01-07T17:00:00Z,1018.2,350,12,20,1.8,6,NaN,NaN,7.1,1.7,10.6,NaN,68,1
M4,-9.999136,54.999966,2010-01-07T17:00:00Z,1014.6,10,3,NaN,1.7,7,NaN,NaN,6.8,4.1,9.8,NaN,83,1
M6,-15.88135,53.07482,2010-01-07T17:00:00Z,1021.2,340,17,23,2.2,6,NaN,NaN,8.8,4.5,11.3,NaN,74,1
M5,-6.704336,51.690426,2010-01-07T17:00:00Z,1017.4,NaN,NaN,NaN,1,4,NaN,NaN,4.3,0.2,9.9,NaN,75,1
M6,-15.88135,53.07482,2010-01-07T18:00:00Z,1021.2,340,18,25,2.5,6,NaN,NaN,8.6,4.8,11.3,NaN,77,1
M2,-5.424046,53.481003,2010-01-07T18:00:00Z,1017.2,330,8,12,0.6,3,NaN,NaN,4.9,-1.6,9.5,NaN,63,1
M5,-6.704336,51.690426,2010-01-07T18:00:00Z,1017.8,NaN,NaN,NaN,0.8,4,NaN,NaN,4.6,0,9.9,NaN,72,1
M4,-9.999136,54.999966,2010-01-07T18:00:00Z,1015.2,10,5,8,1.7,6,NaN,NaN,7.1,3.6,9.8,NaN,78,1
M3,-10.548261,51.215958,2010-01-07T18:00:00Z,1018.4,340,10,16,1.7,6,NaN,NaN,7.3,2.6,10.6,NaN,72,1
M4,-9.999136,54.999966,2010-01-07T19:00:00Z,1015.8,40,5,12,1.7,6,NaN,NaN,6.9,3.4,9.8,NaN,78,1
M2,-5.424046,53.481003,2010-01-07T19:00:00Z,1017.8,100,9,18,0.6,3,NaN,NaN,4.4,1.2,9.4,NaN,80,1
M6,-15.88135,53.07482,2010-01-07T19:00:00Z,1021.2,350,18,25,2.5,6,NaN,NaN,9.1,4.9,11.3,NaN,75,1
M3,-10.548261,51.215958,2010-01-07T19:00:00Z,1018.4,350,10,16,1.7,6,NaN,NaN,7.6,3.8,10.6,NaN,77,1
M5,-6.704336,51.690426,2010-01-07T19:00:00Z,1018.2,NaN,NaN,NaN,1,4,NaN,NaN,4.1,-0.2,9.9,NaN,74,1
M3,-10.548261,51.215958,2010-01-07T20:00:00Z,1018.2,340,11,16,1.7,6,NaN,NaN,7.4,3.4,10.6,NaN,76,1
M4,-9.999136,54.999966,2010-01-07T20:00:00Z,1016.8,70,3,NaN,2,7,NaN,NaN,6.8,3.7,9.8,NaN,81,1
M6,-15.88135,53.07482,2010-01-07T20:00:00Z,1021.4,330,16,23,2.5,6,NaN,NaN,8.8,5.4,11.3,NaN,79,1
M2,-5.424046,53.481003,2010-01-07T20:00:00Z,1018.6,80,9,14,0.4,3,NaN,NaN,4.5,0.7,9.3,NaN,76,1
M5,-6.704336,51.690426,2010-01-07T20:00:00Z,1018.4,NaN,NaN,NaN,1,5,NaN,NaN,4.3,-0.3,9.9,NaN,72,1
M6,-15.88135,53.07482,2010-01-07T21:00:00Z,1021.8,10,16,25,2.5,6,NaN,NaN,8.4,5.3,11.3,NaN,81,1
M2,-5.424046,53.481003,2010-01-07T21:00:00Z,1019.2,100,7,14,0.3,3,NaN,NaN,4.5,0.6,9.1,NaN,76,1
M3,-10.548261,51.215958,2010-01-07T21:00:00Z,1018.4,320,10,16,2,6,NaN,NaN,7.4,4.1,10.6,NaN,80,1
M4,-9.999136,54.999966,2010-01-07T21:00:00Z,1017.6,80,4,6,2,6,NaN,NaN,7,4.4,9.8,NaN,84,1
M5,-6.704336,51.690426,2010-01-07T21:00:00Z,1018.8,NaN,NaN,NaN,1,5,NaN,NaN,5,-0.1,9.9,NaN,70,1
M6,-15.88135,53.07482,2010-01-07T22:00:00Z,1022,20,16,23,2.7,6,NaN,NaN,8.8,5.6,11.3,NaN,80,1
M2,-5.424046,53.481003,2010-01-07T22:00:00Z,1019.8,80,7,12,0.4,3,NaN,NaN,4.5,-1.1,9.5,NaN,67,1
M3,-10.548261,51.215958,2010-01-07T22:00:00Z,1018.2,310,5,16,1.8,6,NaN,NaN,6.3,3.5,10.6,NaN,82,1
M4,-9.999136,54.999966,2010-01-07T22:00:00Z,1018.8,120,8,14,2,6,NaN,NaN,6,4.1,9.8,NaN,88,1
M5,-6.704336,51.690426,2010-01-07T22:00:00Z,1019.4,NaN,NaN,NaN,1,5,NaN,NaN,4.6,-0.8,9.9,NaN,68,1
M4,-9.999136,54.999966,2010-01-07T23:00:00Z,1019.8,120,9,16,2,6,NaN,NaN,6.4,3.1,9.8,NaN,79,1
M6,-15.88135,53.07482,2010-01-07T23:00:00Z,1022.2,10,14,23,2.5,6,NaN,NaN,9.3,5.6,11.3,NaN,78,1
M3,-10.548261,51.215958,2010-01-07T23:00:00Z,1018.2,110,3,8,1.7,6,NaN,NaN,6,4.3,10.7,NaN,89,1
M2,-5.424046,53.481003,2010-01-07T23:00:00Z,1020.6,50,8,14,0.5,3,NaN,NaN,4.9,-1.8,9.7,NaN,62,1
M5,-6.704336,51.690426,2010-01-07T23:00:00Z,1019.8,NaN,NaN,NaN,0.8,5,NaN,NaN,5.1,-0.7,9.9,NaN,66,1
M3,-10.548261,51.215958,2010-01-08T00:00:00Z,1018.8,150,6,12,1.7,8,NaN,NaN,6.2,4.4,10.6,NaN,88,1
M2,-5.424046,53.481003,2010-01-08T00:00:00Z,1021.2,70,7,12,0.5,3,NaN,NaN,4.7,-2,NaN,NaN,62,1
M5,-6.704336,51.690426,2010-01-08T00:00:00Z,1020.2,NaN,NaN,NaN,0.8,5,NaN,NaN,5.3,-0.5,9.9,NaN,66,1
M4,-9.999136,54.999966,2010-01-08T00:00:00Z,1020.8,110,8,14,2.2,6,NaN,NaN,6.3,2.5,9.8,NaN,77,1
M6,-15.88135,53.07482,2010-01-08T00:00:00Z,1022.6,10,17,23,2.7,7,NaN,NaN,9.2,2.8,11.3,NaN,64,1
M3,-10.548261,51.215958,2010-01-08T01:00:00Z,1018.8,170,8,14,1.6,7,NaN,NaN,6.4,4.8,10.6,NaN,90,1
M2,-5.424046,53.481003,2010-01-08T01:00:00Z,1021.4,40,9,14,0.4,3,NaN,NaN,4.9,-1,NaN,NaN,66,1
M6,-15.88135,53.07482,2010-01-08T01:00:00Z,1023,20,15,23,2.9,7,NaN,NaN,8.7,2,11.3,NaN,63,1
M4,-9.999136,54.999966,2010-01-08T01:00:00Z,1021.8,110,6,12,2,6,NaN,NaN,6.1,2.4,9.8,NaN,77,1
M5,-6.704336,51.690426,2010-01-08T01:00:00Z,1020.6,NaN,NaN,NaN,0.8,5,NaN,NaN,4.1,0.5,9.9,NaN,77,1
M6,-15.88135,53.07482,2010-01-08T02:00:00Z,1023,30,18,25,2.9,7,NaN,NaN,8.8,2.5,11.3,NaN,65,1
M5,-6.704336,51.690426,2010-01-08T02:00:00Z,1020.8,NaN,NaN,NaN,0.8,4,NaN,NaN,4.6,0.6,9.9,NaN,75,1
M4,-9.999136,54.999966,2010-01-08T02:00:00Z,1022.4,110,5,10,2.2,6,NaN,NaN,6.1,1.8,9.8,NaN,74,1
M3,-10.548261,51.215958,2010-01-08T02:00:00Z,1018.6,150,9,16,1.7,8,NaN,NaN,6.5,4.8,10.6,NaN,89,1
M2,-5.424046,53.481003,2010-01-08T02:00:00Z,1022,40,10,16,0.4,4,NaN,NaN,5,-0.1,8.2,NaN,70,1
M4,-9.999136,54.999966,2010-01-08T03:00:00Z,1023.2,120,4,8,2,6,NaN,NaN,6.1,2.1,9.8,NaN,76,1
M5,-6.704336,51.690426,2010-01-08T03:00:00Z,1021.8,NaN,NaN,NaN,1,5,NaN,NaN,4.4,1.2,9.9,NaN,80,1
M6,-15.88135,53.07482,2010-01-08T03:00:00Z,1023.2,20,13,23,2.9,7,NaN,NaN,8.6,1.9,11.2,NaN,63,1
M3,-10.548261,51.215958,2010-01-08T03:00:00Z,1019.4,150,9,14,1.7,8,NaN,NaN,7.1,3.9,10.6,NaN,80,1
M2,-5.424046,53.481003,2010-01-08T03:00:00Z,1022.4,40,12,16,0.5,3,NaN,NaN,4.8,-0.8,8.9,NaN,67,1
M2,-5.424046,53.481003,2010-01-08T04:00:00Z,1023,40,12,18,0.6,3,NaN,NaN,4.2,-2,8.9,NaN,64,1
M5,-6.704336,51.690426,2010-01-08T04:00:00Z,1022.2,NaN,NaN,NaN,1,5,NaN,NaN,4,1.5,9.8,NaN,84,1
M3,-10.548261,51.215958,2010-01-08T04:00:00Z,1019.8,140,11,16,1.8,8,NaN,NaN,7.4,3.1,10.6,NaN,74,1
M4,-9.999136,54.999966,2010-01-08T04:00:00Z,1023.8,110,4,8,2,7,NaN,NaN,6.1,0.8,9.8,NaN,69,1
M6,-15.88135,53.07482,2010-01-08T04:00:00Z,1023,20,13,25,2.5,7,NaN,NaN,8.9,1.3,11.2,NaN,59,1
M3,-10.548261,51.215958,2010-01-08T05:00:00Z,1019.8,110,12,NaN,1.7,7,NaN,NaN,7.2,2.7,10.6,NaN,73,1
M6,-15.88135,53.07482,2010-01-08T05:00:00Z,1022.8,40,15,21,2.7,7,NaN,NaN,9.2,2.6,11.2,NaN,63,1
M5,-6.704336,51.690426,2010-01-08T05:00:00Z,1022.4,NaN,NaN,NaN,0.8,4,NaN,NaN,5.1,0.9,9.8,NaN,74,1
M2,-5.424046,53.481003,2010-01-08T05:00:00Z,1023.4,40,12,18,0.6,3,NaN,NaN,4.9,-0.2,9,NaN,70,1
M4,-9.999136,54.999966,2010-01-08T05:00:00Z,1024.4,110,5,8,2,7,NaN,NaN,5.8,0.1,9.8,NaN,67,1
M2,-5.424046,53.481003,2010-01-08T06:00:00Z,1023.8,40,13,18,0.8,3,NaN,NaN,4.4,-2,9.1,NaN,63,1
M4,-9.999136,54.999966,2010-01-08T06:00:00Z,1025,90,5,10,2,7,NaN,NaN,5.6,0.1,9.8,NaN,68,1
M3,-10.548261,51.215958,2010-01-08T06:00:00Z,1020.2,110,14,20,2,7,NaN,NaN,7.2,2.3,10.6,NaN,71,1
M6,-15.88135,53.07482,2010-01-08T06:00:00Z,1023,30,14,20,2.7,7,NaN,NaN,8.7,3.6,11.2,NaN,70,1
M5,-6.704336,51.690426,2010-01-08T06:00:00Z,1022.8,NaN,NaN,NaN,1,5,NaN,NaN,5.2,-1.1,9.8,NaN,64,1
M4,-9.999136,54.999966,2010-01-08T07:00:00Z,1025.8,100,5,8,1.8,6,NaN,NaN,5.7,0.8,9.8,NaN,71,1
M3,-10.548261,51.215958,2010-01-08T07:00:00Z,1021.2,110,14,20,1.8,6,NaN,NaN,7.1,1.8,10.6,NaN,69,1
M6,-15.88135,53.07482,2010-01-08T07:00:00Z,1023,360,8,18,2.5,7,NaN,NaN,8.7,4.1,11.2,NaN,73,1
M2,-5.424046,53.481003,2010-01-08T07:00:00Z,1024.4,60,12,20,0.8,3,NaN,NaN,4.7,-0.2,9.1,NaN,70,1
M5,-6.704336,51.690426,2010-01-08T07:00:00Z,1023.4,NaN,NaN,NaN,1.1,5,NaN,NaN,5.3,-1.1,9.8,NaN,63,1
M3,-10.548261,51.215958,2010-01-08T08:00:00Z,1022.4,110,12,20,2,7,NaN,NaN,7.4,1.6,10.6,NaN,67,1
M2,-5.424046,53.481003,2010-01-08T08:00:00Z,1025.6,80,14,20,0.8,3,NaN,NaN,4.8,-0.8,9.1,NaN,67,1
M5,-6.704336,51.690426,2010-01-08T08:00:00Z,1024,NaN,NaN,NaN,1.1,4,NaN,NaN,5.6,-1.8,9.8,NaN,59,1
M4,-9.999136,54.999966,2010-01-08T08:00:00Z,1026.4,110,4,8,2,7,NaN,NaN,5.6,-0.1,9.8,NaN,67,1
M6,-15.88135,53.07482,2010-01-08T08:00:00Z,1023.4,50,10,16,2.5,7,NaN,NaN,9.5,3.9,11.2,NaN,68,1
M6,-15.88135,53.07482,2010-01-08T09:00:00Z,1024,80,8,14,2.7,8,NaN,NaN,9.3,3.3,11.2,NaN,66,1
M2,-5.424046,53.481003,2010-01-08T09:00:00Z,1026.8,90,18,25,1,4,NaN,NaN,4.4,-0.9,9.1,NaN,68,1
M5,-6.704336,51.690426,2010-01-08T09:00:00Z,1024.8,NaN,NaN,NaN,1.2,4,NaN,NaN,4.9,1.3,9.9,NaN,78,1
M4,-9.999136,54.999966,2010-01-08T09:00:00Z,1027,110,5,8,1.7,6,NaN,NaN,5.5,0.2,9.8,NaN,69,1
M3,-10.548261,51.215958,2010-01-08T09:00:00Z,1023.2,120,12,18,2,7,NaN,NaN,7.3,0.5,10.6,NaN,62,1
M6,-15.88135,53.07482,2010-01-08T10:00:00Z,1024.4,90,10,16,2.2,7,NaN,NaN,9.4,2.5,11.2,NaN,62,1
M2,-5.424046,53.481003,2010-01-08T10:00:00Z,1027.6,90,15,21,1.1,4,NaN,NaN,4.2,-3.1,8.9,NaN,59,1
M4,-9.999136,54.999966,2010-01-08T10:00:00Z,1027.8,110,5,8,1.8,6,NaN,NaN,5.5,-0.9,9.8,NaN,63,1
M3,-10.548261,51.215958,2010-01-08T10:00:00Z,1024,110,11,18,1.7,7,NaN,NaN,7.2,0.4,10.7,NaN,62,1
M5,-6.704336,51.690426,2010-01-08T10:00:00Z,1025.6,NaN,NaN,NaN,1.2,4,NaN,NaN,4.8,1.4,9.8,NaN,79,1
M4,-9.999136,54.999966,2010-01-08T11:00:00Z,1029,130,4,8,1.7,6,NaN,NaN,5.3,-0.5,9.8,NaN,66,1
M3,-10.548261,51.215958,2010-01-08T11:00:00Z,1025,110,13,20,1.8,6,NaN,NaN,7.3,2,10.6,NaN,69,1
M6,-15.88135,53.07482,2010-01-08T11:00:00Z,1024.4,80,10,16,2.2,7,NaN,NaN,9,3.4,11.2,NaN,68,1
M5,-6.704336,51.690426,2010-01-08T11:00:00Z,1026,NaN,NaN,NaN,1.2,5,NaN,NaN,5.4,-0.2,9.9,NaN,67,1
M2,-5.424046,53.481003,2010-01-08T11:00:00Z,1028.4,90,14,21,1,4,NaN,NaN,4.4,-2.5,8.9,NaN,61,1
M4,-9.999136,54.999966,2010-01-08T12:00:00Z,1029.2,130,3,NaN,1.7,6,NaN,NaN,5.1,-0.7,9.8,NaN,66,1
M2,-5.424046,53.481003,2010-01-08T12:00:00Z,1028.6,90,14,20,1,4,NaN,NaN,4.4,-3.9,9,NaN,55,1
M3,-10.548261,51.215958,2010-01-08T12:00:00Z,1025.6,100,15,21,1.8,6,NaN,NaN,6.8,3,10.6,NaN,77,1
M6,-15.88135,53.07482,2010-01-08T12:00:00Z,1025,100,11,18,2.2,7,NaN,NaN,9.3,3.1,11.2,NaN,65,1
M5,-6.704336,51.690426,2010-01-08T12:00:00Z,1026.4,NaN,NaN,NaN,1.3,5,NaN,NaN,5.2,-1.3,9.9,NaN,63,1
M2,-5.424046,53.481003,2010-01-08T13:00:00Z,1028.6,90,12,20,0.8,4,NaN,NaN,4.2,-4.3,8.9,NaN,54,1
M4,-9.999136,54.999966,2010-01-08T13:00:00Z,1029.2,130,3,NaN,1.7,6,NaN,NaN,5.3,-0.7,9.8,NaN,65,1
M3,-10.548261,51.215958,2010-01-08T13:00:00Z,1026,90,15,23,2,6,NaN,NaN,6.4,2.8,10.6,NaN,78,1
M6,-15.88135,53.07482,2010-01-08T13:00:00Z,1025,80,12,20,2,7,NaN,NaN,8.8,2.9,11.1,NaN,66,1
M5,-6.704336,51.690426,2010-01-08T13:00:00Z,1026.2,NaN,NaN,NaN,1.3,5,NaN,NaN,4.8,-1.3,9.8,NaN,65,1
M2,-5.424046,53.481003,2010-01-08T14:00:00Z,1028.8,70,12,16,0.8,4,NaN,NaN,4.1,-4.8,8.9,NaN,52,1
M3,-10.548261,51.215958,2010-01-08T14:00:00Z,1025.6,90,15,21,2,5,NaN,NaN,6.3,2.5,10.7,NaN,77,1
M4,-9.999136,54.999966,2010-01-08T14:00:00Z,1029.2,130,3,6,1.7,7,NaN,NaN,5.2,-0.7,9.8,NaN,66,1
M6,-15.88135,53.07482,2010-01-08T14:00:00Z,1025,100,11,16,2,7,NaN,NaN,9.3,3.1,11.2,NaN,65,1
M5,-6.704336,51.690426,2010-01-08T14:00:00Z,1026.8,NaN,NaN,NaN,1.5,4,NaN,NaN,4.4,-3.3,9.9,NaN,57,1
M4,-9.999136,54.999966,2010-01-08T15:00:00Z,1029.4,130,3,NaN,1.7,7,NaN,NaN,5.1,-1,9.8,NaN,65,1
M6,-15.88135,53.07482,2010-01-08T15:00:00Z,1025.4,120,13,20,2,7,NaN,NaN,8.4,3.9,11.2,NaN,73,1
M2,-5.424046,53.481003,2010-01-08T15:00:00Z,1029,50,11,16,0.6,4,NaN,NaN,4.4,-3.7,9,NaN,56,1
M5,-6.704336,51.690426,2010-01-08T15:00:00Z,1027,NaN,NaN,NaN,1.5,5,NaN,NaN,4.4,-4.3,9.8,NaN,53,1
M3,-10.548261,51.215958,2010-01-08T15:00:00Z,1026.6,80,14,21,2,6,NaN,NaN,6.1,2.4,10.6,NaN,77,1
M6,-15.88135,53.07482,2010-01-08T16:00:00Z,1025.4,120,9,16,1.8,7,NaN,NaN,9.1,3.6,11.2,NaN,68,1
