longitude,latitude,altitude,time,station_id,datasourceid,Water_Level,Water_Level_LAT,Water_Level_OD_Malin,QC_Flag
-6.0683,53.3915,0,2010-01-01T00:00:00Z,Howth Harbour,10,4.5542,4.5542,1.5972,1
-6.0683,53.3915,0,2010-01-01T00:06:00Z,Howth Harbour,10,4.5242,4.5242,1.5672,1
-6.0683,53.3915,0,2010-01-01T00:12:00Z,Howth Harbour,10,4.4642,4.4642,1.5072,1
-6.0683,53.3915,0,2010-01-01T00:18:00Z,Howth Harbour,10,4.4342,4.4342,1.4772,1
-6.0683,53.3915,0,2010-01-01T00:24:00Z,Howth Harbour,10,4.3642,4.3642,1.4072,1
-6.0683,53.3915,0,2010-01-01T00:30:00Z,Howth Harbour,10,4.3142,4.3142,1.3572,1
-6.0683,53.3915,0,2010-01-01T00:36:00Z,Howth Harbour,10,4.2542,4.2542,1.2972,1
-6.0683,53.3915,0,2010-01-01T00:42:00Z,Howth Harbour,10,4.1742,4.1742,1.2172,1
-6.0683,53.3915,0,2010-01-01T00:48:00Z,Howth Harbour,10,4.1242,4.1242,1.1672,1
-6.0683,53.3915,0,2010-01-01T00:54:00Z,Howth Harbour,10,4.0342,4.0342,1.0772,1
-6.0683,53.3915,0,2010-01-01T01:00:00Z,Howth Harbour,10,3.9742,3.9742,1.0172,1
-6.0683,53.3915,0,2010-01-01T01:06:00Z,Howth Harbour,10,3.8842,3.8842,0.9272,1
-6.0683,53.3915,0,2010-01-01T01:12:00Z,Howth Harbour,10,3.8042,3.8042,0.8472,1
-6.0683,53.3915,0,2010-01-01T01:18:00Z,Howth Harbour,10,3.7342,3.7342,0.7772,1
-6.0683,53.3915,0,2010-01-01T01:24:00Z,Howth Harbour,10,3.6342,3.6342,0.6772,1
-6.0683,53.3915,0,2010-01-01T01:30:00Z,Howth Harbour,10,3.5542,3.5542,0.5972,1
-6.0683,53.3915,0,2010-01-01T01:36:00Z,Howth Harbour,10,3.4542,3.4542,0.4972,1
-6.0683,53.3915,0,2010-01-01T01:42:00Z,Howth Harbour,10,3.3442,3.3442,0.3872,1
-6.0683,53.3915,0,2010-01-01T01:48:00Z,Howth Harbour,10,3.2542,3.2542,0.2972,1
-6.0683,53.3915,0,2010-01-01T01:54:00Z,Howth Harbour,10,3.1642,3.1642,0.2072,1
-6.0683,53.3915,0,2010-01-01T02:00:00Z,Howth Harbour,10,3.0742,3.0742,0.1172,1
-6.0683,53.3915,0,2010-01-01T02:06:00Z,Howth Harbour,10,2.9642,2.9642,0.0072,1
-6.0683,53.3915,0,2010-01-01T02:12:00Z,Howth Harbour,10,2.8842,2.8842,-0.0728,1
-6.0683,53.3915,0,2010-01-01T02:18:00Z,Howth Harbour,10,2.7842,2.7842,-0.1728,1
-6.0683,53.3915,0,2010-01-01T02:24:00Z,Howth Harbour,10,2.6942,2.6942,-0.2628,1
-6.0683,53.3915,0,2010-01-01T02:30:00Z,Howth Harbour,10,2.5842,2.5842,-0.3728,1
-6.0683,53.3915,0,2010-01-01T02:36:00Z,Howth Harbour,10,2.4942,2.4942,-0.4628,1
-6.0683,53.3915,0,2010-01-01T02:42:00Z,Howth Harbour,10,2.4042,2.4042,-0.5528,1
-6.0683,53.3915,0,2010-01-01T02:48:00Z,Howth Harbour,10,2.2942,2.2942,-0.6628,1
-6.0683,53.3915,0,2010-01-01T02:54:00Z,Howth Harbour,10,2.2242,2.2242,-0.7328,1
-6.0683,53.3915,0,2010-01-01T03:00:00Z,Howth Harbour,10,2.1342,2.1342,-0.8228,1
-6.0683,53.3915,0,2010-01-01T03:06:00Z,Howth Harbour,10,2.0342,2.0342,-0.9228,1
-6.0683,53.3915,0,2010-01-01T03:12:00Z,Howth Harbour,10,1.9642,1.9642,-0.9928,1
-6.0683,53.3915,0,2010-01-01T03:18:00Z,Howth Harbour,10,1.8842,1.8842,-1.0728,1
-6.0683,53.3915,0,2010-01-01T03:24:00Z,Howth Harbour,10,1.8042,1.8042,-1.1528,1
-6.0683,53.3915,0,2010-01-01T03:30:00Z,Howth Harbour,10,1.7442,1.7442,-1.2128,1
-6.0683,53.3915,0,2010-01-01T03:36:00Z,Howth Harbour,10,1.6742,1.6742,-1.2828,1
-6.0683,53.3915,0,2010-01-01T03:42:00Z,Howth Harbour,10,1.6142,1.6142,-1.3428,1
-6.0683,53.3915,0,2010-01-01T03:48:00Z,Howth Harbour,10,1.5442,1.5442,-1.4128,1
-6.0683,53.3915,0,2010-01-01T03:54:00Z,Howth Harbour,10,1.5042,1.5042,-1.4528,1
-6.0683,53.3915,0,2010-01-01T04:00:00Z,Howth Harbour,10,1.4742,1.4742,-1.4828,1
-6.0683,53.3915,0,2010-01-01T04:06:00Z,Howth Harbour,10,1.4242,1.4242,-1.5328,1
-6.0683,53.3915,0,2010-01-01T04:12:00Z,Howth Harbour,10,1.3942,1.3942,-1.5628,1
-6.0683,53.3915,0,2010-01-01T04:18:00Z,Howth Harbour,10,1.3242,1.3242,-1.6328,1
-6.0683,53.3915,0,2010-01-01T04:24:00Z,Howth Harbour,10,1.3342,1.3342,-1.6228,1
-6.0683,53.3915,0,2010-01-01T04:30:00Z,Howth Harbour,10,1.3042,1.3042,-1.6528,1
-6.0683,53.3915,0,2010-01-01T04:36:00Z,Howth Harbour,10,1.2842,1.2842,-1.6728,1
-6.0683,53.3915,0,2010-01-01T04:42:00Z,Howth Harbour,10,1.2742,1.2742,-1.6828,1
-6.0683,53.3915,0,2010-01-01T04:48:00Z,Howth Harbour,10,1.2542,1.2542,-1.7028,1
-6.0683,53.3915,0,2010-01-01T04:54:00Z,Howth Harbour,10,1.2942,1.2942,-1.6628,1
-6.0683,53.3915,0,2010-01-01T05:00:00Z,Howth Harbour,10,1.2542,1.2542,-1.7028,1
-6.0683,53.3915,0,2010-01-01T05:06:00Z,Howth Harbour,10,1.2642,1.2642,-1.6928,1
-6.0683,53.3915,0,2010-01-01T05:12:00Z,Howth Harbour,10,1.3142,1.3142,-1.6428,1
-6.0683,53.3915,0,2010-01-01T05:18:00Z,Howth Harbour,10,1.3242,1.3242,-1.6328,1
-6.0683,53.3915,0,2010-01-01T05:24:00Z,Howth Harbour,10,1.3442,1.3442,-1.6128,1
-6.0683,53.3915,0,2010-01-01T05:30:00Z,Howth Harbour,10,1.3942,1.3942,-1.5628,1
-6.0683,53.3915,0,2010-01-01T05:36:00Z,Howth Harbour,10,1.4142,1.4142,-1.5428,1
-6.0683,53.3915,0,2010-01-01T05:42:00Z,Howth Harbour,10,1.4542,1.4542,-1.5028,1
-6.0683,53.3915,0,2010-01-01T05:48:00Z,Howth Harbour,10,1.4942,1.4942,-1.4628,1
-6.0683,53.3915,0,2010-01-01T05:54:00Z,Howth Harbour,10,1.5342,1.5342,-1.4228,1
-6.0683,53.3915,0,2010-01-01T06:00:00Z,Howth Harbour,10,1.6042,1.6042,-1.3528,1
-6.0683,53.3915,0,2010-01-01T06:06:00Z,Howth Harbour,10,1.6642,1.6642,-1.2928,1
-6.0683,53.3915,0,2010-01-01T06:12:00Z,Howth Harbour,10,1.7142,1.7142,-1.2428,1
-6.0683,53.3915,0,2010-01-01T06:18:00Z,Howth Harbour,10,1.7642,1.7642,-1.1928,1
-6.0683,53.3915,0,2010-01-01T06:24:00Z,Howth Harbour,10,1.8342,1.8342,-1.1228,1
-6.0683,53.3915,0,2010-01-01T06:30:00Z,Howth Harbour,10,1.8942,1.8942,-1.0628,1
-6.0683,53.3915,0,2010-01-01T06:36:00Z,Howth Harbour,10,1.9742,1.9742,-0.9828,1
-6.0683,53.3915,0,2010-01-01T06:42:00Z,Howth Harbour,10,2.0342,2.0342,-0.9228,1
-6.0683,53.3915,0,2010-01-01T06:48:00Z,Howth Harbour,10,2.1042,2.1042,-0.8528,1
-6.0683,53.3915,0,2010-01-01T06:54:00Z,Howth Harbour,10,2.1842,2.1842,-0.7728,1
-6.0683,53.3915,0,2010-01-01T07:00:00Z,Howth Harbour,10,2.2542,2.2542,-0.7028,1
-6.0683,53.3915,0,2010-01-01T07:06:00Z,Howth Harbour,10,2.3642,2.3642,-0.5928,1
-6.0683,53.3915,0,2010-01-01T07:12:00Z,Howth Harbour,10,2.4142,2.4142,-0.5428,1
-6.0683,53.3915,0,2010-01-01T07:18:00Z,Howth Harbour,10,2.5242,2.5242,-0.4328,1
-6.0683,53.3915,0,2010-01-01T07:24:00Z,Howth Harbour,10,2.6042,2.6042,-0.3528,1
-6.0683,53.3915,0,2010-01-01T07:30:00Z,Howth Harbour,10,2.6842,2.6842,-0.2728,1
-6.0683,53.3915,0,2010-01-01T07:36:00Z,Howth Harbour,10,2.7742,2.7742,-0.1828,1
-6.0683,53.3915,0,2010-01-01T07:42:00Z,Howth Harbour,10,2.8542,2.8542,-0.1028,1
-6.0683,53.3915,0,2010-01-01T07:48:00Z,Howth Harbour,10,2.9342,2.9342,-0.0228,1
-6.0683,53.3915,0,2010-01-01T07:54:00Z,Howth Harbour,10,3.0342,3.0342,0.0772,1
-6.0683,53.3915,0,2010-01-01T08:00:00Z,Howth Harbour,10,3.1042,3.1042,0.1472,1
-6.0683,53.3915,0,2010-01-01T08:06:00Z,Howth Harbour,10,3.2042,3.2042,0.2472,1
-6.0683,53.3915,0,2010-01-01T08:12:00Z,Howth Harbour,10,3.2742,3.2742,0.3172,1
-6.0683,53.3915,0,2010-01-01T08:18:00Z,Howth Harbour,10,3.3742,3.3742,0.4172,1
-6.0683,53.3915,0,2010-01-01T08:24:00Z,Howth Harbour,10,3.4542,3.4542,0.4972,1
-6.0683,53.3915,0,2010-01-01T08:30:00Z,Howth Harbour,10,3.5242,3.5242,0.5672,1
-6.0683,53.3915,0,2010-01-01T08:36:00Z,Howth Harbour,10,3.6242,3.6242,0.6672,1
-6.0683,53.3915,0,2010-01-01T08:42:00Z,Howth Harbour,10,3.6942,3.6942,0.7372,1
-6.0683,53.3915,0,2010-01-01T08:48:00Z,Howth Harbour,10,3.7842,3.7842,0.8272,1
-6.0683,53.3915,0,2010-01-01T08:54:00Z,Howth Harbour,10,3.8442,3.8442,0.8872,1
-6.0683,53.3915,0,2010-01-01T09:00:00Z,Howth Harbour,10,3.9342,3.9342,0.9772,1
-6.0683,53.3915,0,2010-01-01T09:06:00Z,Howth Harbour,10,4.0142,4.0142,1.0572,1
-6.0683,53.3915,0,2010-01-01T09:12:00Z,Howth Harbour,10,4.0642,4.0642,1.1072,1
-6.0683,53.3915,0,2010-01-01T09:18:00Z,Howth Harbour,10,4.1542,4.1542,1.1972,1
-6.0683,53.3915,0,2010-01-01T09:24:00Z,Howth Harbour,10,4.2142,4.2142,1.2572,1
-6.0683,53.3915,0,2010-01-01T09:30:00Z,Howth Harbour,10,4.2842,4.2842,1.3272,1
-6.0683,53.3915,0,2010-01-01T09:36:00Z,Howth Harbour,10,4.3442,4.3442,1.3872,1
-6.0683,53.3915,0,2010-01-01T09:42:00Z,Howth Harbour,10,4.4042,4.4042,1.4472,1
-6.0683,53.3915,0,2010-01-01T09:48:00Z,Howth Harbour,10,4.4642,4.4642,1.5072,1
-6.0683,53.3915,0,2010-01-01T09:54:00Z,Howth Harbour,10,4.5242,4.5242,1.5672,1
-6.0683,53.3915,0,2010-01-01T10:00:00Z,Howth Harbour,10,4.5842,4.5842,1.6272,1
-6.0683,53.3915,0,2010-01-01T10:06:00Z,Howth Harbour,10,4.6342,4.6342,1.6772,1
-6.0683,53.3915,0,2010-01-01T10:12:00Z,Howth Harbour,10,4.6942,4.6942,1.7372,1
-6.0683,53.3915,0,2010-01-01T10:18:00Z,Howth Harbour,10,4.7342,4.7342,1.7772,1
-6.0683,53.3915,0,2010-01-01T10:24:00Z,Howth Harbour,10,4.7842,4.7842,1.8272,1
-6.0683,53.3915,0,2010-01-01T10:30:00Z,Howth Harbour,10,4.8442,4.8442,1.8872,1
-6.0683,53.3915,0,2010-01-01T10:36:00Z,Howth Harbour,10,4.8842,4.8842,1.9272,1
-6.0683,53.3915,0,2010-01-01T10:42:00Z,Howth Harbour,10,4.9242,4.9242,1.9672,1
-6.0683,53.3915,0,2010-01-01T10:48:00Z,Howth Harbour,10,4.9342,4.9342,1.9772,1
-6.0683,53.3915,0,2010-01-01T10:54:00Z,Howth Harbour,10,4.9742,4.9742,2.0172,1
-6.0683,53.3915,0,2010-01-01T11:00:00Z,Howth Harbour,10,5.0042,5.0042,2.0472,1
-6.0683,53.3915,0,2010-01-01T11:06:00Z,Howth Harbour,10,5.0242,5.0242,2.0672,1
-6.0683,53.3915,0,2010-01-01T11:12:00Z,Howth Harbour,10,5.0242,5.0242,2.0672,1
-6.0683,53.3915,0,2010-01-01T11:18:00Z,Howth Harbour,10,5.0542,5.0542,2.0972,1
-6.0683,53.3915,0,2010-01-01T11:24:00Z,Howth Harbour,10,5.0442,5.0442,2.0872,1
-6.0683,53.3915,0,2010-01-01T11:30:00Z,Howth Harbour,10,5.0542,5.0542,2.0972,1
-6.0683,53.3915,0,2010-01-01T11:36:00Z,Howth Harbour,10,5.0342,5.0342,2.0772,1
-6.0683,53.3915,0,2010-01-01T11:42:00Z,Howth Harbour,10,5.0142,5.0142,2.0572,1
-6.0683,53.3915,0,2010-01-01T11:48:00Z,Howth Harbour,10,5.0142,5.0142,2.0572,1
-6.0683,53.3915,0,2010-01-01T11:54:00Z,Howth Harbour,10,5.0042,5.0042,2.0472,1
-6.0683,53.3915,0,2010-01-01T12:00:00Z,Howth Harbour,10,4.9642,4.9642,2.0072,1
-6.0683,53.3915,0,2010-01-01T12:06:00Z,Howth Harbour,10,4.9342,4.9342,1.9772,1
-6.0683,53.3915,0,2010-01-01T12:12:00Z,Howth Harbour,10,4.8842,4.8842,1.9272,1
-6.0683,53.3915,0,2010-01-01T12:18:00Z,Howth Harbour,10,4.8642,4.8642,1.9072,1
-6.0683,53.3915,0,2010-01-01T12:24:00Z,Howth Harbour,10,4.8142,4.8142,1.8572,1
-6.0683,53.3915,0,2010-01-01T12:30:00Z,Howth Harbour,10,4.7642,4.7642,1.8072,1
-6.0683,53.3915,0,2010-01-01T12:36:00Z,Howth Harbour,10,4.7142,4.7142,1.7572,1
-6.0683,53.3915,0,2010-01-01T12:42:00Z,Howth Harbour,10,4.6542,4.6542,1.6972,1
-6.0683,53.3915,0,2010-01-01T12:48:00Z,Howth Harbour,10,4.6042,4.6042,1.6472,1
-6.0683,53.3915,0,2010-01-01T12:54:00Z,Howth Harbour,10,4.5442,4.5442,1.5872,1
-6.0683,53.3915,0,2010-01-01T13:00:00Z,Howth Harbour,10,4.4842,4.4842,1.5272,1
-6.0683,53.3915,0,2010-01-01T13:06:00Z,Howth Harbour,10,4.3942,4.3942,1.4372,1
-6.0683,53.3915,0,2010-01-01T13:12:00Z,Howth Harbour,10,4.3242,4.3242,1.3672,1
-6.0683,53.3915,0,2010-01-01T13:18:00Z,Howth Harbour,10,4.2442,4.2442,1.2872,1
-6.0683,53.3915,0,2010-01-01T13:24:00Z,Howth Harbour,10,4.1642,4.1642,1.2072,1
-6.0683,53.3915,0,2010-01-01T13:30:00Z,Howth Harbour,10,4.0742,4.0742,1.1172,1
-6.0683,53.3915,0,2010-01-01T13:36:00Z,Howth Harbour,10,3.9842,3.9842,1.0272,1
-6.0683,53.3915,0,2010-01-01T13:42:00Z,Howth Harbour,10,3.8842,3.8842,0.9272,1
-6.0683,53.3915,0,2010-01-01T13:48:00Z,Howth Harbour,10,3.7842,3.7842,0.8272,1
-6.0683,53.3915,0,2010-01-01T13:54:00Z,Howth Harbour,10,3.6842,3.6842,0.7272,1
-6.0683,53.3915,0,2010-01-01T14:00:00Z,Howth Harbour,10,3.5742,3.5742,0.6172,1
-6.0683,53.3915,0,2010-01-01T14:06:00Z,Howth Harbour,10,3.4642,3.4642,0.5072,1
-6.0683,53.3915,0,2010-01-01T14:12:00Z,Howth Harbour,10,3.3542,3.3542,0.3972,1
-6.0683,53.3915,0,2010-01-01T14:18:00Z,Howth Harbour,10,3.2342,3.2342,0.2772,1
-6.0683,53.3915,0,2010-01-01T14:24:00Z,Howth Harbour,10,3.1342,3.1342,0.1772,1
-6.0683,53.3915,0,2010-01-01T14:30:00Z,Howth Harbour,10,3.0342,3.0342,0.0772,1
-6.0683,53.3915,0,2010-01-01T14:36:00Z,Howth Harbour,10,2.9142,2.9142,-0.0428,1
-6.0683,53.3915,0,2010-01-01T14:42:00Z,Howth Harbour,10,2.8242,2.8242,-0.1328,1
-6.0683,53.3915,0,2010-01-01T14:48:00Z,Howth Harbour,10,2.7042,2.7042,-0.2528,1
-6.0683,53.3915,0,2010-01-01T14:54:00Z,Howth Harbour,10,2.5942,2.5942,-0.3628,1
-6.0683,53.3915,0,2010-01-01T15:00:00Z,Howth Harbour,10,2.4842,2.4842,-0.4728,1
-6.0683,53.3915,0,2010-01-01T15:06:00Z,Howth Harbour,10,2.3642,2.3642,-0.5928,1
-6.0683,53.3915,0,2010-01-01T15:12:00Z,Howth Harbour,10,2.2542,2.2542,-0.7028,1
-6.0683,53.3915,0,2010-01-01T15:18:00Z,Howth Harbour,10,2.1542,2.1542,-0.8028,1
-6.0683,53.3915,0,2010-01-01T15:24:00Z,Howth Harbour,10,2.0542,2.0542,-0.9028,1
-6.0683,53.3915,0,2010-01-01T15:30:00Z,Howth Harbour,10,1.9542,1.9542,-1.0028,1
-6.0683,53.3915,0,2010-01-01T15:36:00Z,Howth Harbour,10,1.8542,1.8542,-1.1028,1
-6.0683,53.3915,0,2010-01-01T15:42:00Z,Howth Harbour,10,1.7742,1.7742,-1.1828,1
-6.0683,53.3915,0,2010-01-01T15:48:00Z,Howth Harbour,10,1.6742,1.6742,-1.2828,1
-6.0683,53.3915,0,2010-01-01T15:54:00Z,Howth Harbour,10,1.5742,1.5742,-1.3828,1
-6.0683,53.3915,0,2010-01-01T16:00:00Z,Howth Harbour,10,1.5042,1.5042,-1.4528,1
-6.0683,53.3915,0,2010-01-01T16:06:00Z,Howth Harbour,10,1.4242,1.4242,-1.5328,1
-6.0683,53.3915,0,2010-01-01T16:12:00Z,Howth Harbour,10,1.3542,1.3542,-1.6028,1
-6.0683,53.3915,0,2010-01-01T16:18:00Z,Howth Harbour,10,1.3042,1.3042,-1.6528,1
-6.0683,53.3915,0,2010-01-01T16:24:00Z,Howth Harbour,10,1.2342,1.2342,-1.7228,1
-6.0683,53.3915,0,2010-01-01T16:30:00Z,Howth Harbour,10,1.1742,1.1742,-1.7828,1
-6.0683,53.3915,0,2010-01-01T16:36:00Z,Howth Harbour,10,1.1342,1.1342,-1.8228,1
-6.0683,53.3915,0,2010-01-01T16:42:00Z,Howth Harbour,10,1.0942,1.0942,-1.8628,1
-6.0683,53.3915,0,2010-01-01T16:48:00Z,Howth Harbour,10,1.0442,1.0442,-1.9128,1
-6.0683,53.3915,0,2010-01-01T16:54:00Z,Howth Harbour,10,1.0142,1.0142,-1.9428,1
-6.0683,53.3915,0,2010-01-01T17:00:00Z,Howth Harbour,10,1.0042,1.0042,-1.9528,1
-6.0683,53.3915,0,2010-01-01T17:06:00Z,Howth Harbour,10,0.9642,0.9642,-1.9928,1
-6.0683,53.3915,0,2010-01-01T17:12:00Z,Howth Harbour,10,0.9342,0.9342,-2.0228,1
-6.0683,53.3915,0,2010-01-01T17:18:00Z,Howth Harbour,10,0.9442,0.9442,-2.0128,1
-6.0683,53.3915,0,2010-01-01T17:24:00Z,Howth Harbour,10,0.9242,0.9242,-2.0328,1
-6.0683,53.3915,0,2010-01-01T17:30:00Z,Howth Harbour,10,0.9142,0.9142,-2.0428,1
-6.0683,53.3915,0,2010-01-01T17:36:00Z,Howth Harbour,10,0.9442,0.9442,-2.0128,1
-6.0683,53.3915,0,2010-01-01T17:42:00Z,Howth Harbour,10,0.9642,0.9642,-1.9928,1
-6.0683,53.3915,0,2010-01-01T17:48:00Z,Howth Harbour,10,0.9742,0.9742,-1.9828,1
-6.0683,53.3915,0,2010-01-01T17:54:00Z,Howth Harbour,10,1.0042,1.0042,-1.9528,1
-6.0683,53.3915,0,2010-01-01T18:00:00Z,Howth Harbour,10,1.0342,1.0342,-1.9228,1
-6.0683,53.3915,0,2010-01-01T18:06:00Z,Howth Harbour,10,1.0642,1.0642,-1.8928,1
-6.0683,53.3915,0,2010-01-01T18:12:00Z,Howth Harbour,10,1.1042,1.1042,-1.8528,1
-6.0683,53.3915,0,2010-01-01T18:18:00Z,Howth Harbour,10,1.1442,1.1442,-1.8128,1
-6.0683,53.3915,0,2010-01-01T18:24:00Z,Howth Harbour,10,1.1942,1.1942,-1.7628,1
-6.0683,53.3915,0,2010-01-01T18:30:00Z,Howth Harbour,10,1.2342,1.2342,-1.7228,1
-6.0683,53.3915,0,2010-01-01T18:36:00Z,Howth Harbour,10,1.2742,1.2742,-1.6828,1
-6.0683,53.3915,0,2010-01-01T18:42:00Z,Howth Harbour,10,1.3542,1.3542,-1.6028,1
-6.0683,53.3915,0,2010-01-01T18:48:00Z,Howth Harbour,10,1.4142,1.4142,-1.5428,1
-6.0683,53.3915,0,2010-01-01T18:54:00Z,Howth Harbour,10,1.4942,1.4942,-1.4628,1
-6.0683,53.3915,0,2010-01-01T19:00:00Z,Howth Harbour,10,1.5542,1.5542,-1.4028,1
-6.0683,53.3915,0,2010-01-01T19:06:00Z,Howth Harbour,10,1.6342,1.6342,-1.3228,1
-6.0683,53.3915,0,2010-01-01T19:12:00Z,Howth Harbour,10,1.7042,1.7042,-1.2528,1
-6.0683,53.3915,0,2010-01-01T19:18:00Z,Howth Harbour,10,1.7942,1.7942,-1.1628,1
-6.0683,53.3915,0,2010-01-01T19:24:00Z,Howth Harbour,10,1.8642,1.8642,-1.0928,1
-6.0683,53.3915,0,2010-01-01T19:30:00Z,Howth Harbour,10,1.9542,1.9542,-1.0028,1
-6.0683,53.3915,0,2010-01-01T19:36:00Z,Howth Harbour,10,2.0342,2.0342,-0.9228,1
-6.0683,53.3915,0,2010-01-01T19:42:00Z,Howth Harbour,10,2.1242,2.1242,-0.8328,1
-6.0683,53.3915,0,2010-01-01T19:48:00Z,Howth Harbour,10,2.2142,2.2142,-0.7428,1
-6.0683,53.3915,0,2010-01-01T19:54:00Z,Howth Harbour,10,2.2842,2.2842,-0.6728,1
-6.0683,53.3915,0,2010-01-01T20:00:00Z,Howth Harbour,10,2.3742,2.3742,-0.5828,1
-6.0683,53.3915,0,2010-01-01T20:06:00Z,Howth Harbour,10,2.4642,2.4642,-0.4928,1
-6.0683,53.3915,0,2010-01-01T20:12:00Z,Howth Harbour,10,2.5342,2.5342,-0.4228,1
-6.0683,53.3915,0,2010-01-01T20:18:00Z,Howth Harbour,10,2.6342,2.6342,-0.3228,1
-6.0683,53.3915,0,2010-01-01T20:24:00Z,Howth Harbour,10,2.7242,2.7242,-0.2328,1
-6.0683,53.3915,0,2010-01-01T20:30:00Z,Howth Harbour,10,2.8242,2.8242,-0.1328,1
-6.0683,53.3915,0,2010-01-01T20:36:00Z,Howth Harbour,10,2.9042,2.9042,-0.0528,1
-6.0683,53.3915,0,2010-01-01T20:42:00Z,Howth Harbour,10,2.9942,2.9942,0.0372,1
-6.0683,53.3915,0,2010-01-01T20:48:00Z,Howth Harbour,10,3.0942,3.0942,0.1372,1
-6.0683,53.3915,0,2010-01-01T20:54:00Z,Howth Harbour,10,3.1742,3.1742,0.2172,1
-6.0683,53.3915,0,2010-01-01T21:00:00Z,Howth Harbour,10,3.2442,3.2442,0.2872,1
-6.0683,53.3915,0,2010-01-01T21:06:00Z,Howth Harbour,10,3.3342,3.3342,0.3772,1
-6.0683,53.3915,0,2010-01-01T21:12:00Z,Howth Harbour,10,3.4042,3.4042,0.4472,1
-6.0683,53.3915,0,2010-01-01T21:18:00Z,Howth Harbour,10,3.4842,3.4842,0.5272,1
-6.0683,53.3915,0,2010-01-01T21:24:00Z,Howth Harbour,10,3.5742,3.5742,0.6172,1
-6.0683,53.3915,0,2010-01-01T21:30:00Z,Howth Harbour,10,3.6442,3.6442,0.6872,1
-6.0683,53.3915,0,2010-01-01T21:36:00Z,Howth Harbour,10,3.7242,3.7242,0.7672,1
-6.0683,53.3915,0,2010-01-01T21:42:00Z,Howth Harbour,10,3.8042,3.8042,0.8472,1
-6.0683,53.3915,0,2010-01-01T21:48:00Z,Howth Harbour,10,3.8642,3.8642,0.9072,1
-6.0683,53.3915,0,2010-01-01T21:54:00Z,Howth Harbour,10,3.9442,3.9442,0.9872,1
-6.0683,53.3915,0,2010-01-01T22:00:00Z,Howth Harbour,10,4.0042,4.0042,1.0472,1
-6.0683,53.3915,0,2010-01-01T22:06:00Z,Howth Harbour,10,4.0842,4.0842,1.1272,1
-6.0683,53.3915,0,2010-01-01T22:12:00Z,Howth Harbour,10,4.1542,4.1542,1.1972,1
-6.0683,53.3915,0,2010-01-01T22:18:00Z,Howth Harbour,10,4.1942,4.1942,1.2372,1
-6.0683,53.3915,0,2010-01-01T22:24:00Z,Howth Harbour,10,4.2642,4.2642,1.3072,1
-6.0683,53.3915,0,2010-01-01T22:30:00Z,Howth Harbour,10,4.3242,4.3242,1.3672,1
-6.0683,53.3915,0,2010-01-01T22:36:00Z,Howth Harbour,10,4.3842,4.3842,1.4272,1
-6.0683,53.3915,0,2010-01-01T22:42:00Z,Howth Harbour,10,4.4442,4.4442,1.4872,1
-6.0683,53.3915,0,2010-01-01T22:48:00Z,Howth Harbour,10,4.4842,4.4842,1.5272,1
-6.0683,53.3915,0,2010-01-01T22:54:00Z,Howth Harbour,10,4.5242,4.5242,1.5672,1
-6.0683,53.3915,0,2010-01-01T23:00:00Z,Howth Harbour,10,4.5642,4.5642,1.6072,1
-6.0683,53.3915,0,2010-01-01T23:06:00Z,Howth Harbour,10,4.6142,4.6142,1.6572,1
-6.0683,53.3915,0,2010-01-01T23:12:00Z,Howth Harbour,10,4.6342,4.6342,1.6772,1
-6.0683,53.3915,0,2010-01-01T23:18:00Z,Howth Harbour,10,4.6742,4.6742,1.7172,1
-6.0683,53.3915,0,2010-01-01T23:24:00Z,Howth Harbour,10,4.6842,4.6842,1.7272,1
-6.0683,53.3915,0,2010-01-01T23:30:00Z,Howth Harbour,10,4.7342,4.7342,1.7772,1
-6.0683,53.3915,0,2010-01-01T23:36:00Z,Howth Harbour,10,4.7542,4.7542,1.7972,1
-6.0683,53.3915,0,2010-01-01T23:42:00Z,Howth Harbour,10,4.7742,4.7742,1.8172,1
-6.0683,53.3915,0,2010-01-01T23:48:00Z,Howth Harbour,10,4.7642,4.7642,1.8072,1
-6.0683,53.3915,0,2010-01-01T23:54:00Z,Howth Harbour,10,4.7742,4.7742,1.8172,1
-6.0683,53.3915,0,2010-01-02T00:00:00Z,Howth Harbour,10,4.7742,4.7742,1.8172,1
-6.0683,53.3915,0,2010-01-02T00:06:00Z,Howth Harbour,10,4.7642,4.7642,1.8072,1
-6.0683,53.3915,0,2010-01-02T00:12:00Z,Howth Harbour,10,4.7742,4.7742,1.8172,1
-6.0683,53.3915,0,2010-01-02T00:18:00Z,Howth Harbour,10,4.7442,4.7442,1.7872,1
-6.0683,53.3915,0,2010-01-02T00:24:00Z,Howth Harbour,10,4.7242,4.7242,1.7672,1
-6.0683,53.3915,0,2010-01-02T00:30:00Z,Howth Harbour,10,4.7142,4.7142,1.7572,1
-6.0683,53.3915,0,2010-01-02T00:36:00Z,Howth Harbour,10,4.6742,4.6742,1.7172,1
-6.0683,53.3915,0,2010-01-02T00:42:00Z,Howth Harbour,10,4.6542,4.6542,1.6972,1
-6.0683,53.3915,0,2010-01-02T00:48:00Z,Howth Harbour,10,4.6042,4.6042,1.6472,1
-6.0683,53.3915,0,2010-01-02T00:54:00Z,Howth Harbour,10,4.5642,4.5642,1.6072,1
-6.0683,53.3915,0,2010-01-02T01:00:00Z,Howth Harbour,10,4.5242,4.5242,1.5672,1
-6.0683,53.3915,0,2010-01-02T01:06:00Z,Howth Harbour,10,4.4642,4.4642,1.5072,1
-6.0683,53.3915,0,2010-01-02T01:12:00Z,Howth Harbour,10,4.4142,4.4142,1.4572,1
-6.0683,53.3915,0,2010-01-02T01:18:00Z,Howth Harbour,10,4.3742,4.3742,1.4172,1
-6.0683,53.3915,0,2010-01-02T01:24:00Z,Howth Harbour,10,4.3042,4.3042,1.3472,1
-6.0683,53.3915,0,2010-01-02T01:30:00Z,Howth Harbour,10,4.2342,4.2342,1.2772,1
-6.0683,53.3915,0,2010-01-02T01:36:00Z,Howth Harbour,10,4.1642,4.1642,1.2072,1
-6.0683,53.3915,0,2010-01-02T01:42:00Z,Howth Harbour,10,4.0942,4.0942,1.1372,1
-6.0683,53.3915,0,2010-01-02T01:48:00Z,Howth Harbour,10,4.0142,4.0142,1.0572,1
-6.0683,53.3915,0,2010-01-02T01:54:00Z,Howth Harbour,10,3.9242,3.9242,0.9672,1
-6.0683,53.3915,0,2010-01-02T02:00:00Z,Howth Harbour,10,3.8542,3.8542,0.8972,1
-6.0683,53.3915,0,2010-01-02T02:06:00Z,Howth Harbour,10,3.7542,3.7542,0.7972,1
-6.0683,53.3915,0,2010-01-02T02:12:00Z,Howth Harbour,10,3.6642,3.6642,0.7072,1
-6.0683,53.3915,0,2010-01-02T02:18:00Z,Howth Harbour,10,3.5542,3.5542,0.5972,1
-6.0683,53.3915,0,2010-01-02T02:24:00Z,Howth Harbour,10,3.4642,3.4642,0.5072,1
-6.0683,53.3915,0,2010-01-02T02:30:00Z,Howth Harbour,10,3.3642,3.3642,0.4072,1
-6.0683,53.3915,0,2010-01-02T02:36:00Z,Howth Harbour,10,3.2542,3.2542,0.2972,1
-6.0683,53.3915,0,2010-01-02T02:42:00Z,Howth Harbour,10,3.1542,3.1542,0.1972,1
-6.0683,53.3915,0,2010-01-02T02:48:00Z,Howth Harbour,10,3.0342,3.0342,0.0772,1
-6.0683,53.3915,0,2010-01-02T02:54:00Z,Howth Harbour,10,2.9442,2.9442,-0.0128,1
-6.0683,53.3915,0,2010-01-02T03:00:00Z,Howth Harbour,10,2.8342,2.8342,-0.1228,1
-6.0683,53.3915,0,2010-01-02T03:06:00Z,Howth Harbour,10,2.7242,2.7242,-0.2328,1
-6.0683,53.3915,0,2010-01-02T03:12:00Z,Howth Harbour,10,2.6342,2.6342,-0.3228,1
-6.0683,53.3915,0,2010-01-02T03:18:00Z,Howth Harbour,10,2.5042,2.5042,-0.4528,1
-6.0683,53.3915,0,2010-01-02T03:24:00Z,Howth Harbour,10,2.4242,2.4242,-0.5328,1
-6.0683,53.3915,0,2010-01-02T03:30:00Z,Howth Harbour,10,2.2942,2.2942,-0.6628,1
-6.0683,53.3915,0,2010-01-02T03:36:00Z,Howth Harbour,10,2.2142,2.2142,-0.7428,1
-6.0683,53.3915,0,2010-01-02T03:42:00Z,Howth Harbour,10,2.1142,2.1142,-0.8428,1
-6.0683,53.3915,0,2010-01-02T03:48:00Z,Howth Harbour,10,2.0242,2.0242,-0.9328,1
-6.0683,53.3915,0,2010-01-02T03:54:00Z,Howth Harbour,10,1.9242,1.9242,-1.0328,1
-6.0683,53.3915,0,2010-01-02T04:00:00Z,Howth Harbour,10,1.8342,1.8342,-1.1228,1
-6.0683,53.3915,0,2010-01-02T04:06:00Z,Howth Harbour,10,1.7542,1.7542,-1.2028,1
-6.0683,53.3915,0,2010-01-02T04:12:00Z,Howth Harbour,10,1.6642,1.6642,-1.2928,1
-6.0683,53.3915,0,2010-01-02T04:18:00Z,Howth Harbour,10,1.6042,1.6042,-1.3528,1
-6.0683,53.3915,0,2010-01-02T04:24:00Z,Howth Harbour,10,1.5242,1.5242,-1.4328,1
-6.0683,53.3915,0,2010-01-02T04:30:00Z,Howth Harbour,10,1.4642,1.4642,-1.4928,1
-6.0683,53.3915,0,2010-01-02T04:36:00Z,Howth Harbour,10,1.4042,1.4042,-1.5528,1
-6.0683,53.3915,0,2010-01-02T04:42:00Z,Howth Harbour,10,1.3542,1.3542,-1.6028,1
-6.0683,53.3915,0,2010-01-02T04:48:00Z,Howth Harbour,10,1.2942,1.2942,-1.6628,1
-6.0683,53.3915,0,2010-01-02T04:54:00Z,Howth Harbour,10,1.2442,1.2442,-1.7128,1
-6.0683,53.3915,0,2010-01-02T05:00:00Z,Howth Harbour,10,1.2142,1.2142,-1.7428,1
-6.0683,53.3915,0,2010-01-02T05:06:00Z,Howth Harbour,10,1.1742,1.1742,-1.7828,1
-6.0683,53.3915,0,2010-01-02T05:12:00Z,Howth Harbour,10,1.1442,1.1442,-1.8128,1
-6.0683,53.3915,0,2010-01-02T05:18:00Z,Howth Harbour,10,1.1342,1.1342,-1.8228,1
-6.0683,53.3915,0,2010-01-02T05:24:00Z,Howth Harbour,10,1.1042,1.1042,-1.8528,1
-6.0683,53.3915,0,2010-01-02T05:30:00Z,Howth Harbour,10,1.1142,1.1142,-1.8428,1
-6.0683,53.3915,0,2010-01-02T05:36:00Z,Howth Harbour,10,1.0942,1.0942,-1.8628,1
-6.0683,53.3915,0,2010-01-02T05:42:00Z,Howth Harbour,10,1.1142,1.1142,-1.8428,1
-6.0683,53.3915,0,2010-01-02T05:48:00Z,Howth Harbour,10,1.1042,1.1042,-1.8528,1
-6.0683,53.3915,0,2010-01-02T05:54:00Z,Howth Harbour,10,1.1342,1.1342,-1.8228,1
-6.0683,53.3915,0,2010-01-02T06:00:00Z,Howth Harbour,10,1.1442,1.1442,-1.8128,1
-6.0683,53.3915,0,2010-01-02T06:06:00Z,Howth Harbour,10,1.1742,1.1742,-1.7828,1
-6.0683,53.3915,0,2010-01-02T06:12:00Z,Howth Harbour,10,1.2042,1.2042,-1.7528,1
-6.0683,53.3915,0,2010-01-02T06:18:00Z,Howth Harbour,10,1.2242,1.2242,-1.7328,1
-6.0683,53.3915,0,2010-01-02T06:24:00Z,Howth Harbour,10,1.2942,1.2942,-1.6628,1
-6.0683,53.3915,0,2010-01-02T06:30:00Z,Howth Harbour,10,1.3242,1.3242,-1.6328,1
-6.0683,53.3915,0,2010-01-02T06:36:00Z,Howth Harbour,10,1.3642,1.3642,-1.5928,1
-6.0683,53.3915,0,2010-01-02T06:42:00Z,Howth Harbour,10,1.4142,1.4142,-1.5428,1
-6.0683,53.3915,0,2010-01-02T06:48:00Z,Howth Harbour,10,1.4642,1.4642,-1.4928,1
-6.0683,53.3915,0,2010-01-02T06:54:00Z,Howth Harbour,10,1.5342,1.5342,-1.4228,1
-6.0683,53.3915,0,2010-01-02T07:00:00Z,Howth Harbour,10,1.5942,1.5942,-1.3628,1
-6.0683,53.3915,0,2010-01-02T07:06:00Z,Howth Harbour,10,1.6642,1.6642,-1.2928,1
-6.0683,53.3915,0,2010-01-02T07:12:00Z,Howth Harbour,10,1.7242,1.7242,-1.2328,1
-6.0683,53.3915,0,2010-01-02T07:18:00Z,Howth Harbour,10,1.8042,1.8042,-1.1528,1
-6.0683,53.3915,0,2010-01-02T07:24:00Z,Howth Harbour,10,1.8842,1.8842,-1.0728,1
-6.0683,53.3915,0,2010-01-02T07:30:00Z,Howth Harbour,10,1.9642,1.9642,-0.9928,1
-6.0683,53.3915,0,2010-01-02T07:36:00Z,Howth Harbour,10,2.0542,2.0542,-0.9028,1
-6.0683,53.3915,0,2010-01-02T07:42:00Z,Howth Harbour,10,2.1442,2.1442,-0.8128,1
-6.0683,53.3915,0,2010-01-02T07:48:00Z,Howth Harbour,10,2.2342,2.2342,-0.7228,1
-6.0683,53.3915,0,2010-01-02T07:54:00Z,Howth Harbour,10,2.3142,2.3142,-0.6428,1
-6.0683,53.3915,0,2010-01-02T08:00:00Z,Howth Harbour,10,2.3942,2.3942,-0.5628,1
-6.0683,53.3915,0,2010-01-02T08:06:00Z,Howth Harbour,10,2.4842,2.4842,-0.4728,1
-6.0683,53.3915,0,2010-01-02T08:12:00Z,Howth Harbour,10,2.5842,2.5842,-0.3728,1
-6.0683,53.3915,0,2010-01-02T08:18:00Z,Howth Harbour,10,2.6842,2.6842,-0.2728,1
-6.0683,53.3915,0,2010-01-02T08:24:00Z,Howth Harbour,10,2.7642,2.7642,-0.1928,1
-6.0683,53.3915,0,2010-01-02T08:30:00Z,Howth Harbour,10,2.8442,2.8442,-0.1128,1
-6.0683,53.3915,0,2010-01-02T08:36:00Z,Howth Harbour,10,2.9442,2.9442,-0.0128,1
-6.0683,53.3915,0,2010-01-02T08:42:00Z,Howth Harbour,10,3.0342,3.0342,0.0772,1
-6.0683,53.3915,0,2010-01-02T08:48:00Z,Howth Harbour,10,3.1342,3.1342,0.1772,1
-6.0683,53.3915,0,2010-01-02T08:54:00Z,Howth Harbour,10,3.2242,3.2242,0.2672,1
-6.0683,53.3915,0,2010-01-02T09:00:00Z,Howth Harbour,10,3.3042,3.3042,0.3472,1
-6.0683,53.3915,0,2010-01-02T09:06:00Z,Howth Harbour,10,3.3842,3.3842,0.4272,1
-6.0683,53.3915,0,2010-01-02T09:12:00Z,Howth Harbour,10,3.4842,3.4842,0.5272,1
-6.0683,53.3915,0,2010-01-02T09:18:00Z,Howth Harbour,10,3.5642,3.5642,0.6072,1
-6.0683,53.3915,0,2010-01-02T09:24:00Z,Howth Harbour,10,3.6642,3.6642,0.7072,1
-6.0683,53.3915,0,2010-01-02T09:30:00Z,Howth Harbour,10,3.7242,3.7242,0.7672,1
-6.0683,53.3915,0,2010-01-02T09:36:00Z,Howth Harbour,10,3.8242,3.8242,0.8672,1
-6.0683,53.3915,0,2010-01-02T09:42:00Z,Howth Harbour,10,3.8842,3.8842,0.9272,1
-6.0683,53.3915,0,2010-01-02T09:48:00Z,Howth Harbour,10,3.9642,3.9642,1.0072,1
-6.0683,53.3915,0,2010-01-02T09:54:00Z,Howth Harbour,10,4.0342,4.0342,1.0772,1
-6.0683,53.3915,0,2010-01-02T10:00:00Z,Howth Harbour,10,4.1242,4.1242,1.1672,1
-6.0683,53.3915,0,2010-01-02T10:06:00Z,Howth Harbour,10,4.1842,4.1842,1.2272,1
-6.0683,53.3915,0,2010-01-02T10:12:00Z,Howth Harbour,10,4.2442,4.2442,1.2872,1
-6.0683,53.3915,0,2010-01-02T10:18:00Z,Howth Harbour,10,4.3242,4.3242,1.3672,1
-6.0683,53.3915,0,2010-01-02T10:24:00Z,Howth Harbour,10,4.3842,4.3842,1.4272,1
-6.0683,53.3915,0,2010-01-02T10:30:00Z,Howth Harbour,10,4.4442,4.4442,1.4872,1
-6.0683,53.3915,0,2010-01-02T10:36:00Z,Howth Harbour,10,4.4942,4.4942,1.5372,1
-6.0683,53.3915,0,2010-01-02T10:42:00Z,Howth Harbour,10,4.5642,4.5642,1.6072,1
-6.0683,53.3915,0,2010-01-02T10:48:00Z,Howth Harbour,10,4.6042,4.6042,1.6472,1
-6.0683,53.3915,0,2010-01-02T10:54:00Z,Howth Harbour,10,4.6642,4.6642,1.7072,1
-6.0683,53.3915,0,2010-01-02T11:00:00Z,Howth Harbour,10,4.7342,4.7342,1.7772,1
-6.0683,53.3915,0,2010-01-02T11:06:00Z,Howth Harbour,10,4.7542,4.7542,1.7972,1
-6.0683,53.3915,0,2010-01-02T11:12:00Z,Howth Harbour,10,4.8142,4.8142,1.8572,1
-6.0683,53.3915,0,2010-01-02T11:18:00Z,Howth Harbour,10,4.8342,4.8342,1.8772,1
-6.0683,53.3915,0,2010-01-02T11:24:00Z,Howth Harbour,10,4.8942,4.8942,1.9372,1
-6.0683,53.3915,0,2010-01-02T11:30:00Z,Howth Harbour,10,4.9142,4.9142,1.9572,1
-6.0683,53.3915,0,2010-01-02T11:36:00Z,Howth Harbour,10,4.9442,4.9442,1.9872,1
-6.0683,53.3915,0,2010-01-02T11:42:00Z,Howth Harbour,10,4.9742,4.9742,2.0172,1
-6.0683,53.3915,0,2010-01-02T11:48:00Z,Howth Harbour,10,4.9842,4.9842,2.0272,1
-6.0683,53.3915,0,2010-01-02T11:54:00Z,Howth Harbour,10,5.0042,5.0042,2.0472,1
-6.0683,53.3915,0,2010-01-02T12:00:00Z,Howth Harbour,10,5.0242,5.0242,2.0672,1
-6.0683,53.3915,0,2010-01-02T12:06:00Z,Howth Harbour,10,5.0342,5.0342,2.0772,1
-6.0683,53.3915,0,2010-01-02T12:12:00Z,Howth Harbour,10,5.0442,5.0442,2.0872,1
-6.0683,53.3915,0,2010-01-02T12:18:00Z,Howth Harbour,10,5.0342,5.0342,2.0772,1
-6.0683,53.3915,0,2010-01-02T12:24:00Z,Howth Harbour,10,5.0342,5.0342,2.0772,1
-6.0683,53.3915,0,2010-01-02T12:30:00Z,Howth Harbour,10,5.0342,5.0342,2.0772,1
-6.0683,53.3915,0,2010-01-02T12:36:00Z,Howth Harbour,10,4.9942,4.9942,2.0372,1
-6.0683,53.3915,0,2010-01-02T12:42:00Z,Howth Harbour,10,4.9842,4.9842,2.0272,1
-6.0683,53.3915,0,2010-01-02T12:48:00Z,Howth Harbour,10,4.9342,4.9342,1.9772,1
-6.0683,53.3915,0,2010-01-02T12:54:00Z,Howth Harbour,10,4.9042,4.9042,1.9472,1
-6.0683,53.3915,0,2010-01-02T13:00:00Z,Howth Harbour,10,4.8642,4.8642,1.9072,1
-6.0683,53.3915,0,2010-01-02T13:06:00Z,Howth Harbour,10,4.8442,4.8442,1.8872,1
-6.0683,53.3915,0,2010-01-02T13:12:00Z,Howth Harbour,10,4.8042,4.8042,1.8472,1
-6.0683,53.3915,0,2010-01-02T13:18:00Z,Howth Harbour,10,4.7542,4.7542,1.7972,1
-6.0683,53.3915,0,2010-01-02T13:24:00Z,Howth Harbour,10,4.7142,4.7142,1.7572,1
-6.0683,53.3915,0,2010-01-02T13:30:00Z,Howth Harbour,10,4.6442,4.6442,1.6872,1
-6.0683,53.3915,0,2010-01-02T13:36:00Z,Howth Harbour,10,4.5942,4.5942,1.6372,1
-6.0683,53.3915,0,2010-01-02T13:42:00Z,Howth Harbour,10,4.5242,4.5242,1.5672,1
-6.0683,53.3915,0,2010-01-02T13:48:00Z,Howth Harbour,10,4.4642,4.4642,1.5072,1
-6.0683,53.3915,0,2010-01-02T13:54:00Z,Howth Harbour,10,4.3742,4.3742,1.4172,1
-6.0683,53.3915,0,2010-01-02T14:00:00Z,Howth Harbour,10,4.3142,4.3142,1.3572,1
-6.0683,53.3915,0,2010-01-02T14:06:00Z,Howth Harbour,10,4.2242,4.2242,1.2672,1
-6.0683,53.3915,0,2010-01-02T14:12:00Z,Howth Harbour,10,4.1442,4.1442,1.1872,1
-6.0683,53.3915,0,2010-01-02T14:18:00Z,Howth Harbour,10,4.0542,4.0542,1.0972,1
-6.0683,53.3915,0,2010-01-02T14:24:00Z,Howth Harbour,10,3.9342,3.9342,0.9772,1
-6.0683,53.3915,0,2010-01-02T14:30:00Z,Howth Harbour,10,3.8442,3.8442,0.8872,1
-6.0683,53.3915,0,2010-01-02T14:36:00Z,Howth Harbour,10,3.7342,3.7342,0.7772,1
-6.0683,53.3915,0,2010-01-02T14:42:00Z,Howth Harbour,10,3.6342,3.6342,0.6772,1
-6.0683,53.3915,0,2010-01-02T14:48:00Z,Howth Harbour,10,3.5342,3.5342,0.5772,1
-6.0683,53.3915,0,2010-01-02T14:54:00Z,Howth Harbour,10,3.4142,3.4142,0.4572,1
-6.0683,53.3915,0,2010-01-02T15:00:00Z,Howth Harbour,10,3.2942,3.2942,0.3372,1
-6.0683,53.3915,0,2010-01-02T15:06:00Z,Howth Harbour,10,3.1842,3.1842,0.2272,1
-6.0683,53.3915,0,2010-01-02T15:12:00Z,Howth Harbour,10,3.0642,3.0642,0.1072,1
-6.0683,53.3915,0,2010-01-02T15:18:00Z,Howth Harbour,10,2.9542,2.9542,-0.0028,1
-6.0683,53.3915,0,2010-01-02T15:24:00Z,Howth Harbour,10,2.8242,2.8242,-0.1328,1
-6.0683,53.3915,0,2010-01-02T15:30:00Z,Howth Harbour,10,2.7142,2.7142,-0.2428,1
-6.0683,53.3915,0,2010-01-02T15:36:00Z,Howth Harbour,10,2.5942,2.5942,-0.3628,1
-6.0683,53.3915,0,2010-01-02T15:42:00Z,Howth Harbour,10,2.4842,2.4842,-0.4728,1
-6.0683,53.3915,0,2010-01-02T15:48:00Z,Howth Harbour,10,2.3642,2.3642,-0.5928,1
-6.0683,53.3915,0,2010-01-02T15:54:00Z,Howth Harbour,10,2.2442,2.2442,-0.7128,1
-6.0683,53.3915,0,2010-01-02T16:00:00Z,Howth Harbour,10,2.1342,2.1342,-0.8228,1
-6.0683,53.3915,0,2010-01-02T16:06:00Z,Howth Harbour,10,2.0342,2.0342,-0.9228,1
-6.0683,53.3915,0,2010-01-02T16:12:00Z,Howth Harbour,10,1.9242,1.9242,-1.0328,1
-6.0683,53.3915,0,2010-01-02T16:18:00Z,Howth Harbour,10,1.8142,1.8142,-1.1428,1
-6.0683,53.3915,0,2010-01-02T16:24:00Z,Howth Harbour,10,1.7142,1.7142,-1.2428,1
-6.0683,53.3915,0,2010-01-02T16:30:00Z,Howth Harbour,10,1.6242,1.6242,-1.3328,1
-6.0683,53.3915,0,2010-01-02T16:36:00Z,Howth Harbour,10,1.5242,1.5242,-1.4328,1
-6.0683,53.3915,0,2010-01-02T16:42:00Z,Howth Harbour,10,1.4442,1.4442,-1.5128,1
-6.0683,53.3915,0,2010-01-02T16:48:00Z,Howth Harbour,10,1.3442,1.3442,-1.6128,1
-6.0683,53.3915,0,2010-01-02T16:54:00Z,Howth Harbour,10,1.2742,1.2742,-1.6828,1
-6.0683,53.3915,0,2010-01-02T17:00:00Z,Howth Harbour,10,1.1942,1.1942,-1.7628,1
-6.0683,53.3915,0,2010-01-02T17:06:00Z,Howth Harbour,10,1.1242,1.1242,-1.8328,1
-6.0683,53.3915,0,2010-01-02T17:12:00Z,Howth Harbour,10,1.0642,1.0642,-1.8928,1
-6.0683,53.3915,0,2010-01-02T17:18:00Z,Howth Harbour,10,1.0042,1.0042,-1.9528,1
-6.0683,53.3915,0,2010-01-02T17:24:00Z,Howth Harbour,10,0.9442,0.9442,-2.0128,1
-6.0683,53.3915,0,2010-01-02T17:30:00Z,Howth Harbour,10,0.9042,0.9042,-2.0528,1
-6.0683,53.3915,0,2010-01-02T17:36:00Z,Howth Harbour,10,0.8542,0.8542,-2.1028,1
-6.0683,53.3915,0,2010-01-02T17:42:00Z,Howth Harbour,10,0.8442,0.8442,-2.1128,1
-6.0683,53.3915,0,2010-01-02T17:48:00Z,Howth Harbour,10,0.8142,0.8142,-2.1428,1
-6.0683,53.3915,0,2010-01-02T17:54:00Z,Howth Harbour,10,0.7842,0.7842,-2.1728,1
-6.0683,53.3915,0,2010-01-02T18:00:00Z,Howth Harbour,10,0.8042,0.8042,-2.1528,1
-6.0683,53.3915,0,2010-01-02T18:06:00Z,Howth Harbour,10,0.7842,0.7842,-2.1728,1
-6.0683,53.3915,0,2010-01-02T18:12:00Z,Howth Harbour,10,0.7842,0.7842,-2.1728,1
-6.0683,53.3915,0,2010-01-02T18:18:00Z,Howth Harbour,10,0.7942,0.7942,-2.1628,1
-6.0683,53.3915,0,2010-01-02T18:24:00Z,Howth Harbour,10,0.8042,0.8042,-2.1528,1
-6.0683,53.3915,0,2010-01-02T18:30:00Z,Howth Harbour,10,0.8142,0.8142,-2.1428,1
-6.0683,53.3915,0,2010-01-02T18:36:00Z,Howth Harbour,10,0.8542,0.8542,-2.1028,1
-6.0683,53.3915,0,2010-01-02T18:42:00Z,Howth Harbour,10,0.8442,0.8442,-2.1128,1
-6.0683,53.3915,0,2010-01-02T18:48:00Z,Howth Harbour,10,0.8842,0.8842,-2.0728,1
-6.0683,53.3915,0,2010-01-02T18:54:00Z,Howth Harbour,10,0.9342,0.9342,-2.0228,1
-6.0683,53.3915,0,2010-01-02T19:00:00Z,Howth Harbour,10,0.9342,0.9342,-2.0228,1
-6.0683,53.3915,0,2010-01-02T19:06:00Z,Howth Harbour,10,0.9742,0.9742,-1.9828,1
-6.0683,53.3915,0,2010-01-02T19:12:00Z,Howth Harbour,10,1.0342,1.0342,-1.9228,1
-6.0683,53.3915,0,2010-01-02T19:18:00Z,Howth Harbour,10,1.0842,1.0842,-1.8728,1
-6.0683,53.3915,0,2010-01-02T19:24:00Z,Howth Harbour,10,1.1642,1.1642,-1.7928,1
-6.0683,53.3915,0,2010-01-02T19:30:00Z,Howth Harbour,10,1.2242,1.2242,-1.7328,1
-6.0683,53.3915,0,2010-01-02T19:36:00Z,Howth Harbour,10,1.2842,1.2842,-1.6728,1
-6.0683,53.3915,0,2010-01-02T19:42:00Z,Howth Harbour,10,1.3642,1.3642,-1.5928,1
-6.0683,53.3915,0,2010-01-02T19:48:00Z,Howth Harbour,10,1.4242,1.4242,-1.5328,1
-6.0683,53.3915,0,2010-01-02T19:54:00Z,Howth Harbour,10,1.5042,1.5042,-1.4528,1
-6.0683,53.3915,0,2010-01-02T20:00:00Z,Howth Harbour,10,1.5842,1.5842,-1.3728,1
-6.0683,53.3915,0,2010-01-02T20:06:00Z,Howth Harbour,10,1.6842,1.6842,-1.2728,1
-6.0683,53.3915,0,2010-01-02T20:12:00Z,Howth Harbour,10,1.7542,1.7542,-1.2028,1
-6.0683,53.3915,0,2010-01-02T20:18:00Z,Howth Harbour,10,1.8442,1.8442,-1.1128,1
-6.0683,53.3915,0,2010-01-02T20:24:00Z,Howth Harbour,10,1.9142,1.9142,-1.0428,1
-6.0683,53.3915,0,2010-01-02T20:30:00Z,Howth Harbour,10,2.0242,2.0242,-0.9328,1
-6.0683,53.3915,0,2010-01-02T20:36:00Z,Howth Harbour,10,2.0942,2.0942,-0.8628,1
-6.0683,53.3915,0,2010-01-02T20:42:00Z,Howth Harbour,10,2.1842,2.1842,-0.7728,1
-6.0683,53.3915,0,2010-01-02T20:48:00Z,Howth Harbour,10,2.2842,2.2842,-0.6728,1
-6.0683,53.3915,0,2010-01-02T20:54:00Z,Howth Harbour,10,2.3742,2.3742,-0.5828,1
-6.0683,53.3915,0,2010-01-02T21:00:00Z,Howth Harbour,10,2.4642,2.4642,-0.4928,1
-6.0683,53.3915,0,2010-01-02T21:06:00Z,Howth Harbour,10,2.5542,2.5542,-0.4028,1
-6.0683,53.3915,0,2010-01-02T21:12:00Z,Howth Harbour,10,2.6542,2.6542,-0.3028,1
-6.0683,53.3915,0,2010-01-02T21:18:00Z,Howth Harbour,10,2.7342,2.7342,-0.2228,1
-6.0683,53.3915,0,2010-01-02T21:24:00Z,Howth Harbour,10,2.8442,2.8442,-0.1128,1
-6.0683,53.3915,0,2010-01-02T21:30:00Z,Howth Harbour,10,2.9042,2.9042,-0.0528,1
-6.0683,53.3915,0,2010-01-02T21:36:00Z,Howth Harbour,10,3.0042,3.0042,0.0472,1
-6.0683,53.3915,0,2010-01-02T21:42:00Z,Howth Harbour,10,3.0842,3.0842,0.1272,1
-6.0683,53.3915,0,2010-01-02T21:48:00Z,Howth Harbour,10,3.1542,3.1542,0.1972,1
-6.0683,53.3915,0,2010-01-02T21:54:00Z,Howth Harbour,10,3.2542,3.2542,0.2972,1
-6.0683,53.3915,0,2010-01-02T22:00:00Z,Howth Harbour,10,3.3342,3.3342,0.3772,1
-6.0683,53.3915,0,2010-01-02T22:06:00Z,Howth Harbour,10,3.4242,3.4242,0.4672,1
-6.0683,53.3915,0,2010-01-02T22:12:00Z,Howth Harbour,10,3.5042,3.5042,0.5472,1
-6.0683,53.3915,0,2010-01-02T22:18:00Z,Howth Harbour,10,3.6042,3.6042,0.6472,1
-6.0683,53.3915,0,2010-01-02T22:24:00Z,Howth Harbour,10,3.6442,3.6442,0.6872,1
-6.0683,53.3915,0,2010-01-02T22:30:00Z,Howth Harbour,10,3.7342,3.7342,0.7772,1
-6.0683,53.3915,0,2010-01-02T22:36:00Z,Howth Harbour,10,3.8042,3.8042,0.8472,1
-6.0683,53.3915,0,2010-01-02T22:42:00Z,Howth Harbour,10,3.8742,3.8742,0.9172,1
-6.0683,53.3915,0,2010-01-02T22:48:00Z,Howth Harbour,10,3.9642,3.9642,1.0072,1
-6.0683,53.3915,0,2010-01-02T22:54:00Z,Howth Harbour,10,4.0242,4.0242,1.0672,1
-6.0683,53.3915,0,2010-01-02T23:00:00Z,Howth Harbour,10,4.1042,4.1042,1.1472,1
-6.0683,53.3915,0,2010-01-02T23:06:00Z,Howth Harbour,10,4.1542,4.1542,1.1972,1
-6.0683,53.3915,0,2010-01-02T23:12:00Z,Howth Harbour,10,4.1942,4.1942,1.2372,1
-6.0683,53.3915,0,2010-01-02T23:18:00Z,Howth Harbour,10,4.2642,4.2642,1.3072,1
-6.0683,53.3915,0,2010-01-02T23:24:00Z,Howth Harbour,10,4.3242,4.3242,1.3672,1
-6.0683,53.3915,0,2010-01-02T23:30:00Z,Howth Harbour,10,4.3742,4.3742,1.4172,1
-6.0683,53.3915,0,2010-01-02T23:36:00Z,Howth Harbour,10,4.4242,4.4242,1.4672,1
-6.0683,53.3915,0,2010-01-02T23:42:00Z,Howth Harbour,10,4.4842,4.4842,1.5272,1
-6.0683,53.3915,0,2010-01-02T23:48:00Z,Howth Harbour,10,4.5342,4.5342,1.5772,1
-6.0683,53.3915,0,2010-01-02T23:54:00Z,Howth Harbour,10,4.5642,4.5642,1.6072,1
-6.0683,53.3915,0,2010-01-03T00:00:00Z,Howth Harbour,10,4.5842,4.5842,1.6272,1
-6.0683,53.3915,0,2010-01-03T00:06:00Z,Howth Harbour,10,4.6242,4.6242,1.6672,1
-6.0683,53.3915,0,2010-01-03T00:12:00Z,Howth Harbour,10,4.6542,4.6542,1.6972,1
-6.0683,53.3915,0,2010-01-03T00:18:00Z,Howth Harbour,10,4.6642,4.6642,1.7072,1
-6.0683,53.3915,0,2010-01-03T00:24:00Z,Howth Harbour,10,4.7242,4.7242,1.7672,1
-6.0683,53.3915,0,2010-01-03T00:30:00Z,Howth Harbour,10,4.7342,4.7342,1.7772,1
-6.0683,53.3915,0,2010-01-03T00:36:00Z,Howth Harbour,10,4.7642,4.7642,1.8072,1
-6.0683,53.3915,0,2010-01-03T00:42:00Z,Howth Harbour,10,4.7542,4.7542,1.7972,1
-6.0683,53.3915,0,2010-01-03T00:48:00Z,Howth Harbour,10,4.7542,4.7542,1.7972,1
-6.0683,53.3915,0,2010-01-03T00:54:00Z,Howth Harbour,10,4.7442,4.7442,1.7872,1
-6.0683,53.3915,0,2010-01-03T01:00:00Z,Howth Harbour,10,4.7142,4.7142,1.7572,1
-6.0683,53.3915,0,2010-01-03T01:06:00Z,Howth Harbour,10,4.7142,4.7142,1.7572,1
-6.0683,53.3915,0,2010-01-03T01:12:00Z,Howth Harbour,10,4.7042,4.7042,1.7472,1
-6.0683,53.3915,0,2010-01-03T01:18:00Z,Howth Harbour,10,4.6842,4.6842,1.7272,1
-6.0683,53.3915,0,2010-01-03T01:24:00Z,Howth Harbour,10,4.6342,4.6342,1.6772,1
-6.0683,53.3915,0,2010-01-03T01:30:00Z,Howth Harbour,10,4.5942,4.5942,1.6372,1
-6.0683,53.3915,0,2010-01-03T01:36:00Z,Howth Harbour,10,4.5842,4.5842,1.6272,1
-6.0683,53.3915,0,2010-01-03T01:42:00Z,Howth Harbour,10,4.5142,4.5142,1.5572,1
-6.0683,53.3915,0,2010-01-03T01:48:00Z,Howth Harbour,10,4.4842,4.4842,1.5272,1
-6.0683,53.3915,0,2010-01-03T01:54:00Z,Howth Harbour,10,4.4542,4.4542,1.4972,1
-6.0683,53.3915,0,2010-01-03T02:00:00Z,Howth Harbour,10,4.3642,4.3642,1.4072,1
-6.0683,53.3915,0,2010-01-03T02:06:00Z,Howth Harbour,10,4.3342,4.3342,1.3772,1
-6.0683,53.3915,0,2010-01-03T02:12:00Z,Howth Harbour,10,4.2842,4.2842,1.3272,1
-6.0683,53.3915,0,2010-01-03T02:18:00Z,Howth Harbour,10,4.1942,4.1942,1.2372,1
-6.0683,53.3915,0,2010-01-03T02:24:00Z,Howth Harbour,10,4.1142,4.1142,1.1572,1
-6.0683,53.3915,0,2010-01-03T02:30:00Z,Howth Harbour,10,4.0242,4.0242,1.0672,1
-6.0683,53.3915,0,2010-01-03T02:36:00Z,Howth Harbour,10,3.9542,3.9542,0.9972,1
-6.0683,53.3915,0,2010-01-03T02:42:00Z,Howth Harbour,10,3.9042,3.9042,0.9472,1
-6.0683,53.3915,0,2010-01-03T02:48:00Z,Howth Harbour,10,3.7742,3.7742,0.8172,1
-6.0683,53.3915,0,2010-01-03T02:54:00Z,Howth Harbour,10,3.7042,3.7042,0.7472,1
-6.0683,53.3915,0,2010-01-03T03:00:00Z,Howth Harbour,10,3.5842,3.5842,0.6272,1
-6.0683,53.3915,0,2010-01-03T03:06:00Z,Howth Harbour,10,3.4742,3.4742,0.5172,1
-6.0683,53.3915,0,2010-01-03T03:12:00Z,Howth Harbour,10,3.3842,3.3842,0.4272,1
-6.0683,53.3915,0,2010-01-03T03:18:00Z,Howth Harbour,10,3.2742,3.2742,0.3172,1
-6.0683,53.3915,0,2010-01-03T03:24:00Z,Howth Harbour,10,3.1442,3.1442,0.1872,1
-6.0683,53.3915,0,2010-01-03T03:30:00Z,Howth Harbour,10,3.0742,3.0742,0.1172,1
-6.0683,53.3915,0,2010-01-03T03:36:00Z,Howth Harbour,10,2.9542,2.9542,-0.0028,1
-6.0683,53.3915,0,2010-01-03T03:42:00Z,Howth Harbour,10,2.8742,2.8742,-0.0828,1
-6.0683,53.3915,0,2010-01-03T03:48:00Z,Howth Harbour,10,2.7442,2.7442,-0.2128,1
-6.0683,53.3915,0,2010-01-03T03:54:00Z,Howth Harbour,10,2.6342,2.6342,-0.3228,1
-6.0683,53.3915,0,2010-01-03T04:00:00Z,Howth Harbour,10,2.5042,2.5042,-0.4528,1
-6.0683,53.3915,0,2010-01-03T04:06:00Z,Howth Harbour,10,2.4142,2.4142,-0.5428,1
-6.0683,53.3915,0,2010-01-03T04:12:00Z,Howth Harbour,10,2.3142,2.3142,-0.6428,1
-6.0683,53.3915,0,2010-01-03T04:18:00Z,Howth Harbour,10,2.2042,2.2042,-0.7528,1
-6.0683,53.3915,0,2010-01-03T04:24:00Z,Howth Harbour,10,2.0942,2.0942,-0.8628,1
-6.0683,53.3915,0,2010-01-03T04:30:00Z,Howth Harbour,10,1.9842,1.9842,-0.9728,1
-6.0683,53.3915,0,2010-01-03T04:36:00Z,Howth Harbour,10,1.8942,1.8942,-1.0628,1
-6.0683,53.3915,0,2010-01-03T04:42:00Z,Howth Harbour,10,1.8342,1.8342,-1.1228,1
-6.0683,53.3915,0,2010-01-03T04:48:00Z,Howth Harbour,10,1.7142,1.7142,-1.2428,1
-6.0683,53.3915,0,2010-01-03T04:54:00Z,Howth Harbour,10,1.6142,1.6142,-1.3428,1
-6.0683,53.3915,0,2010-01-03T05:00:00Z,Howth Harbour,10,1.5842,1.5842,-1.3728,1
-6.0683,53.3915,0,2010-01-03T05:06:00Z,Howth Harbour,10,1.4842,1.4842,-1.4728,1
-6.0683,53.3915,0,2010-01-03T05:12:00Z,Howth Harbour,10,1.4042,1.4042,-1.5528,1
-6.0683,53.3915,0,2010-01-03T05:18:00Z,Howth Harbour,10,1.3542,1.3542,-1.6028,1
-6.0683,53.3915,0,2010-01-03T05:24:00Z,Howth Harbour,10,1.2842,1.2842,-1.6728,1
-6.0683,53.3915,0,2010-01-03T05:30:00Z,Howth Harbour,10,1.2242,1.2242,-1.7328,1
-6.0683,53.3915,0,2010-01-03T05:36:00Z,Howth Harbour,10,1.1742,1.1742,-1.7828,1
-6.0683,53.3915,0,2010-01-03T05:42:00Z,Howth Harbour,10,1.1342,1.1342,-1.8228,1
-6.0683,53.3915,0,2010-01-03T05:48:00Z,Howth Harbour,10,1.1142,1.1142,-1.8428,1
-6.0683,53.3915,0,2010-01-03T05:54:00Z,Howth Harbour,10,1.1042,1.1042,-1.8528,1
-6.0683,53.3915,0,2010-01-03T06:00:00Z,Howth Harbour,10,1.0542,1.0542,-1.9028,1
-6.0683,53.3915,0,2010-01-03T06:06:00Z,Howth Harbour,10,1.0342,1.0342,-1.9228,1
-6.0683,53.3915,0,2010-01-03T06:12:00Z,Howth Harbour,10,1.0442,1.0442,-1.9128,1
-6.0683,53.3915,0,2010-01-03T06:18:00Z,Howth Harbour,10,1.0542,1.0542,-1.9028,1
-6.0683,53.3915,0,2010-01-03T06:24:00Z,Howth Harbour,10,1.0342,1.0342,-1.9228,1
-6.0683,53.3915,0,2010-01-03T06:30:00Z,Howth Harbour,10,1.0142,1.0142,-1.9428,1
-6.0683,53.3915,0,2010-01-03T06:36:00Z,Howth Harbour,10,1.0342,1.0342,-1.9228,1
-6.0683,53.3915,0,2010-01-03T06:42:00Z,Howth Harbour,10,1.0542,1.0542,-1.9028,1
-6.0683,53.3915,0,2010-01-03T06:48:00Z,Howth Harbour,10,1.0742,1.0742,-1.8828,1
-6.0683,53.3915,0,2010-01-03T06:54:00Z,Howth Harbour,10,1.1242,1.1242,-1.8328,1
-6.0683,53.3915,0,2010-01-03T07:00:00Z,Howth Harbour,10,1.1542,1.1542,-1.8028,1
-6.0683,53.3915,0,2010-01-03T07:06:00Z,Howth Harbour,10,1.1642,1.1642,-1.7928,1
-6.0683,53.3915,0,2010-01-03T07:12:00Z,Howth Harbour,10,1.2142,1.2142,-1.7428,1
-6.0683,53.3915,0,2010-01-03T07:18:00Z,Howth Harbour,10,1.2742,1.2742,-1.6828,1
-6.0683,53.3915,0,2010-01-03T07:24:00Z,Howth Harbour,10,1.3142,1.3142,-1.6428,1
-6.0683,53.3915,0,2010-01-03T07:30:00Z,Howth Harbour,10,1.3842,1.3842,-1.5728,1
-6.0683,53.3915,0,2010-01-03T07:36:00Z,Howth Harbour,10,1.4242,1.4242,-1.5328,1
-6.0683,53.3915,0,2010-01-03T07:42:00Z,Howth Harbour,10,1.4842,1.4842,-1.4728,1
-6.0683,53.3915,0,2010-01-03T07:48:00Z,Howth Harbour,10,1.5842,1.5842,-1.3728,1
-6.0683,53.3915,0,2010-01-03T07:54:00Z,Howth Harbour,10,1.6242,1.6242,-1.3328,1
-6.0683,53.3915,0,2010-01-03T08:00:00Z,Howth Harbour,10,1.6842,1.6842,-1.2728,1
-6.0683,53.3915,0,2010-01-03T08:06:00Z,Howth Harbour,10,1.7842,1.7842,-1.1728,1
-6.0683,53.3915,0,2010-01-03T08:12:00Z,Howth Harbour,10,1.8442,1.8442,-1.1128,1
-6.0683,53.3915,0,2010-01-03T08:18:00Z,Howth Harbour,10,1.9442,1.9442,-1.0128,1
-6.0683,53.3915,0,2010-01-03T08:24:00Z,Howth Harbour,10,2.0342,2.0342,-0.9228,1
-6.0683,53.3915,0,2010-01-03T08:30:00Z,Howth Harbour,10,2.1242,2.1242,-0.8328,1
-6.0683,53.3915,0,2010-01-03T08:36:00Z,Howth Harbour,10,2.2042,2.2042,-0.7528,1
-6.0683,53.3915,0,2010-01-03T08:42:00Z,Howth Harbour,10,2.2842,2.2842,-0.6728,1
-6.0683,53.3915,0,2010-01-03T08:48:00Z,Howth Harbour,10,2.3942,2.3942,-0.5628,1
-6.0683,53.3915,0,2010-01-03T08:54:00Z,Howth Harbour,10,2.4842,2.4842,-0.4728,1
-6.0683,53.3915,0,2010-01-03T09:00:00Z,Howth Harbour,10,2.5542,2.5542,-0.4028,1
-6.0683,53.3915,0,2010-01-03T09:06:00Z,Howth Harbour,10,2.6442,2.6442,-0.3128,1
-6.0683,53.3915,0,2010-01-03T09:12:00Z,Howth Harbour,10,2.7442,2.7442,-0.2128,1
-6.0683,53.3915,0,2010-01-03T09:18:00Z,Howth Harbour,10,2.8442,2.8442,-0.1128,1
-6.0683,53.3915,0,2010-01-03T09:24:00Z,Howth Harbour,10,2.9242,2.9242,-0.0328,1
-6.0683,53.3915,0,2010-01-03T09:30:00Z,Howth Harbour,10,3.0342,3.0342,0.0772,1
-6.0683,53.3915,0,2010-01-03T09:36:00Z,Howth Harbour,10,3.1342,3.1342,0.1772,1
-6.0683,53.3915,0,2010-01-03T09:42:00Z,Howth Harbour,10,3.2142,3.2142,0.2572,1
-6.0683,53.3915,0,2010-01-03T09:48:00Z,Howth Harbour,10,3.3142,3.3142,0.3572,1
-6.0683,53.3915,0,2010-01-03T09:54:00Z,Howth Harbour,10,3.3842,3.3842,0.4272,1
-6.0683,53.3915,0,2010-01-03T10:00:00Z,Howth Harbour,10,3.4642,3.4642,0.5072,1
-6.0683,53.3915,0,2010-01-03T10:06:00Z,Howth Harbour,10,3.5542,3.5542,0.5972,1
-6.0683,53.3915,0,2010-01-03T10:12:00Z,Howth Harbour,10,3.6442,3.6442,0.6872,1
-6.0683,53.3915,0,2010-01-03T10:18:00Z,Howth Harbour,10,3.7142,3.7142,0.7572,1
-6.0683,53.3915,0,2010-01-03T10:24:00Z,Howth Harbour,10,3.8042,3.8042,0.8472,1
-6.0683,53.3915,0,2010-01-03T10:30:00Z,Howth Harbour,10,3.8842,3.8842,0.9272,1
-6.0683,53.3915,0,2010-01-03T10:36:00Z,Howth Harbour,10,3.9742,3.9742,1.0172,1
-6.0683,53.3915,0,2010-01-03T10:42:00Z,Howth Harbour,10,4.0242,4.0242,1.0672,1
-6.0683,53.3915,0,2010-01-03T10:48:00Z,Howth Harbour,10,4.1142,4.1142,1.1572,1
-6.0683,53.3915,0,2010-01-03T10:54:00Z,Howth Harbour,10,4.1742,4.1742,1.2172,1
-6.0683,53.3915,0,2010-01-03T11:00:00Z,Howth Harbour,10,4.2342,4.2342,1.2772,1
-6.0683,53.3915,0,2010-01-03T11:06:00Z,Howth Harbour,10,4.2942,4.2942,1.3372,1
-6.0683,53.3915,0,2010-01-03T11:12:00Z,Howth Harbour,10,4.3842,4.3842,1.4272,1
-6.0683,53.3915,0,2010-01-03T11:18:00Z,Howth Harbour,10,4.4442,4.4442,1.4872,1
-6.0683,53.3915,0,2010-01-03T11:24:00Z,Howth Harbour,10,4.4942,4.4942,1.5372,1
-6.0683,53.3915,0,2010-01-03T11:30:00Z,Howth Harbour,10,4.5442,4.5442,1.5872,1
-6.0683,53.3915,0,2010-01-03T11:36:00Z,Howth Harbour,10,4.5942,4.5942,1.6372,1
-6.0683,53.3915,0,2010-01-03T11:42:00Z,Howth Harbour,10,4.6642,4.6642,1.7072,1
-6.0683,53.3915,0,2010-01-03T11:48:00Z,Howth Harbour,10,4.7242,4.7242,1.7672,1
-6.0683,53.3915,0,2010-01-03T11:54:00Z,Howth Harbour,10,4.7642,4.7642,1.8072,1
-6.0683,53.3915,0,2010-01-03T12:00:00Z,Howth Harbour,10,4.8142,4.8142,1.8572,1
-6.0683,53.3915,0,2010-01-03T12:06:00Z,Howth Harbour,10,4.8742,4.8742,1.9172,1
-6.0683,53.3915,0,2010-01-03T12:12:00Z,Howth Harbour,10,4.8742,4.8742,1.9172,1
-6.0683,53.3915,0,2010-01-03T12:18:00Z,Howth Harbour,10,4.9442,4.9442,1.9872,1
-6.0683,53.3915,0,2010-01-03T12:24:00Z,Howth Harbour,10,4.9542,4.9542,1.9972,1
-6.0683,53.3915,0,2010-01-03T12:30:00Z,Howth Harbour,10,5.0142,5.0142,2.0572,1
-6.0683,53.3915,0,2010-01-03T12:36:00Z,Howth Harbour,10,5.0242,5.0242,2.0672,1
-6.0683,53.3915,0,2010-01-03T12:42:00Z,Howth Harbour,10,5.0342,5.0342,2.0772,1
-6.0683,53.3915,0,2010-01-03T12:48:00Z,Howth Harbour,10,5.0242,5.0242,2.0672,1
-6.0683,53.3915,0,2010-01-03T12:54:00Z,Howth Harbour,10,5.0742,5.0742,2.1172,1
-6.0683,53.3915,0,2010-01-03T13:00:00Z,Howth Harbour,10,5.0542,5.0542,2.0972,1
-6.0683,53.3915,0,2010-01-03T13:06:00Z,Howth Harbour,10,5.0542,5.0542,2.0972,1
-6.0683,53.3915,0,2010-01-03T13:12:00Z,Howth Harbour,10,5.0342,5.0342,2.0772,1
-6.0683,53.3915,0,2010-01-03T13:18:00Z,Howth Harbour,10,5.0342,5.0342,2.0772,1
-6.0683,53.3915,0,2010-01-03T13:24:00Z,Howth Harbour,10,5.0242,5.0242,2.0672,1
-6.0683,53.3915,0,2010-01-03T13:30:00Z,Howth Harbour,10,4.9842,4.9842,2.0272,1
-6.0683,53.3915,0,2010-01-03T13:36:00Z,Howth Harbour,10,5.0042,5.0042,2.0472,1
-6.0683,53.3915,0,2010-01-03T13:42:00Z,Howth Harbour,10,4.9342,4.9342,1.9772,1
-6.0683,53.3915,0,2010-01-03T13:48:00Z,Howth Harbour,10,4.9042,4.9042,1.9472,1
-6.0683,53.3915,0,2010-01-03T13:54:00Z,Howth Harbour,10,4.8842,4.8842,1.9272,1
-6.0683,53.3915,0,2010-01-03T14:00:00Z,Howth Harbour,10,4.8242,4.8242,1.8672,1
-6.0683,53.3915,0,2010-01-03T14:06:00Z,Howth Harbour,10,4.7942,4.7942,1.8372,1
-6.0683,53.3915,0,2010-01-03T14:12:00Z,Howth Harbour,10,4.7242,4.7242,1.7672,1
-6.0683,53.3915,0,2010-01-03T14:18:00Z,Howth Harbour,10,4.7042,4.7042,1.7472,1
-6.0683,53.3915,0,2010-01-03T14:24:00Z,Howth Harbour,10,4.5942,4.5942,1.6372,1
-6.0683,53.3915,0,2010-01-03T14:30:00Z,Howth Harbour,10,4.5442,4.5442,1.5872,1
-6.0683,53.3915,0,2010-01-03T14:36:00Z,Howth Harbour,10,4.4642,4.4642,1.5072,1
-6.0683,53.3915,0,2010-01-03T14:42:00Z,Howth Harbour,10,4.4042,4.4042,1.4472,1
-6.0683,53.3915,0,2010-01-03T14:48:00Z,Howth Harbour,10,4.3242,4.3242,1.3672,1
-6.0683,53.3915,0,2010-01-03T14:54:00Z,Howth Harbour,10,4.2442,4.2442,1.2872,1
-6.0683,53.3915,0,2010-01-03T15:00:00Z,Howth Harbour,10,4.1542,4.1542,1.1972,1
-6.0683,53.3915,0,2010-01-03T15:06:00Z,Howth Harbour,10,4.0642,4.0642,1.1072,1
-6.0683,53.3915,0,2010-01-03T15:12:00Z,Howth Harbour,10,3.9642,3.9642,1.0072,1
-6.0683,53.3915,0,2010-01-03T15:18:00Z,Howth Harbour,10,3.8542,3.8542,0.8972,1
-6.0683,53.3915,0,2010-01-03T15:24:00Z,Howth Harbour,10,3.7542,3.7542,0.7972,1
-6.0683,53.3915,0,2010-01-03T15:30:00Z,Howth Harbour,10,3.6242,3.6242,0.6672,1
-6.0683,53.3915,0,2010-01-03T15:36:00Z,Howth Harbour,10,3.5242,3.5242,0.5672,1
-6.0683,53.3915,0,2010-01-03T15:42:00Z,Howth Harbour,10,3.4142,3.4142,0.4572,1
-6.0683,53.3915,0,2010-01-03T15:48:00Z,Howth Harbour,10,3.3042,3.3042,0.3472,1
-6.0683,53.3915,0,2010-01-03T15:54:00Z,Howth Harbour,10,3.1842,3.1842,0.2272,1
-6.0683,53.3915,0,2010-01-03T16:00:00Z,Howth Harbour,10,3.0542,3.0542,0.0972,1
-6.0683,53.3915,0,2010-01-03T16:06:00Z,Howth Harbour,10,2.9542,2.9542,-0.0028,1
-6.0683,53.3915,0,2010-01-03T16:12:00Z,Howth Harbour,10,2.8342,2.8342,-0.1228,1
-6.0683,53.3915,0,2010-01-03T16:18:00Z,Howth Harbour,10,2.7042,2.7042,-0.2528,1
-6.0683,53.3915,0,2010-01-03T16:24:00Z,Howth Harbour,10,2.5942,2.5942,-0.3628,1
-6.0683,53.3915,0,2010-01-03T16:30:00Z,Howth Harbour,10,2.4742,2.4742,-0.4828,1
-6.0683,53.3915,0,2010-01-03T16:36:00Z,Howth Harbour,10,2.3542,2.3542,-0.6028,1
-6.0683,53.3915,0,2010-01-03T16:42:00Z,Howth Harbour,10,2.2642,2.2642,-0.6928,1
-6.0683,53.3915,0,2010-01-03T16:48:00Z,Howth Harbour,10,2.1342,2.1342,-0.8228,1
-6.0683,53.3915,0,2010-01-03T16:54:00Z,Howth Harbour,10,2.0242,2.0242,-0.9328,1
-6.0683,53.3915,0,2010-01-03T17:00:00Z,Howth Harbour,10,1.9142,1.9142,-1.0428,1
-6.0683,53.3915,0,2010-01-03T17:06:00Z,Howth Harbour,10,1.8042,1.8042,-1.1528,1
-6.0683,53.3915,0,2010-01-03T17:12:00Z,Howth Harbour,10,1.7242,1.7242,-1.2328,1
-6.0683,53.3915,0,2010-01-03T17:18:00Z,Howth Harbour,10,1.6042,1.6042,-1.3528,1
-6.0683,53.3915,0,2010-01-03T17:24:00Z,Howth Harbour,10,1.5142,1.5142,-1.4428,1
-6.0683,53.3915,0,2010-01-03T17:30:00Z,Howth Harbour,10,1.4242,1.4242,-1.5328,1
-6.0683,53.3915,0,2010-01-03T17:36:00Z,Howth Harbour,10,1.3342,1.3342,-1.6228,1
-6.0683,53.3915,0,2010-01-03T17:42:00Z,Howth Harbour,10,1.2742,1.2742,-1.6828,1
-6.0683,53.3915,0,2010-01-03T17:48:00Z,Howth Harbour,10,1.1842,1.1842,-1.7728,1
-6.0683,53.3915,0,2010-01-03T17:54:00Z,Howth Harbour,10,1.1242,1.1242,-1.8328,1
-6.0683,53.3915,0,2010-01-03T18:06:00Z,Howth Harbour,10,0.9942,0.9942,-1.9628,1
-6.0683,53.3915,0,2010-01-03T18:12:00Z,Howth Harbour,10,0.9742,0.9742,-1.9828,1
-6.0683,53.3915,0,2010-01-03T18:18:00Z,Howth Harbour,10,0.9142,0.9142,-2.0428,1
-6.0683,53.3915,0,2010-01-03T18:24:00Z,Howth Harbour,10,0.8642,0.8642,-2.0928,1
-6.0683,53.3915,0,2010-01-03T18:30:00Z,Howth Harbour,10,0.8442,0.8442,-2.1128,1
-6.0683,53.3915,0,2010-01-03T18:36:00Z,Howth Harbour,10,0.8042,0.8042,-2.1528,1
-6.0683,53.3915,0,2010-01-03T18:42:00Z,Howth Harbour,10,0.7842,0.7842,-2.1728,1
-6.0683,53.3915,0,2010-01-03T18:48:00Z,Howth Harbour,10,0.7642,0.7642,-2.1928,1
-6.0683,53.3915,0,2010-01-03T18:54:00Z,Howth Harbour,10,0.7642,0.7642,-2.1928,1
-6.0683,53.3915,0,2010-01-03T19:00:00Z,Howth Harbour,10,0.7442,0.7442,-2.2128,1
-6.0683,53.3915,0,2010-01-03T19:06:00Z,Howth Harbour,10,0.7442,0.7442,-2.2128,1
-6.0683,53.3915,0,2010-01-03T19:12:00Z,Howth Harbour,10,0.7642,0.7642,-2.1928,1
-6.0683,53.3915,0,2010-01-03T19:18:00Z,Howth Harbour,10,0.7842,0.7842,-2.1728,1
-6.0683,53.3915,0,2010-01-03T19:24:00Z,Howth Harbour,10,0.7942,0.7942,-2.1628,1
-6.0683,53.3915,0,2010-01-03T19:30:00Z,Howth Harbour,10,0.8242,0.8242,-2.1328,1
-6.0683,53.3915,0,2010-01-03T19:36:00Z,Howth Harbour,10,0.8542,0.8542,-2.1028,1
-6.0683,53.3915,0,2010-01-03T19:42:00Z,Howth Harbour,10,0.8842,0.8842,-2.0728,1
-6.0683,53.3915,0,2010-01-03T19:48:00Z,Howth Harbour,10,0.9442,0.9442,-2.0128,1
-6.0683,53.3915,0,2010-01-03T19:54:00Z,Howth Harbour,10,0.9842,0.9842,-1.9728,1
-6.0683,53.3915,0,2010-01-03T20:00:00Z,Howth Harbour,10,1.0242,1.0242,-1.9328,1
-6.0683,53.3915,0,2010-01-03T20:06:00Z,Howth Harbour,10,1.0842,1.0842,-1.8728,1
-6.0683,53.3915,0,2010-01-03T20:12:00Z,Howth Harbour,10,1.1242,1.1242,-1.8328,1
-6.0683,53.3915,0,2010-01-03T20:18:00Z,Howth Harbour,10,1.1942,1.1942,-1.7628,1
-6.0683,53.3915,0,2010-01-03T20:24:00Z,Howth Harbour,10,1.2542,1.2542,-1.7028,1
-6.0683,53.3915,0,2010-01-03T20:30:00Z,Howth Harbour,10,1.3242,1.3242,-1.6328,1
-6.0683,53.3915,0,2010-01-03T20:36:00Z,Howth Harbour,10,1.4042,1.4042,-1.5528,1
-6.0683,53.3915,0,2010-01-03T20:42:00Z,Howth Harbour,10,1.4642,1.4642,-1.4928,1
-6.0683,53.3915,0,2010-01-03T20:48:00Z,Howth Harbour,10,1.5742,1.5742,-1.3828,1
-6.0683,53.3915,0,2010-01-03T20:54:00Z,Howth Harbour,10,1.6342,1.6342,-1.3228,1
-6.0683,53.3915,0,2010-01-03T21:00:00Z,Howth Harbour,10,1.7242,1.7242,-1.2328,1
-6.0683,53.3915,0,2010-01-03T21:06:00Z,Howth Harbour,10,1.8142,1.8142,-1.1428,1
-6.0683,53.3915,0,2010-01-03T21:12:00Z,Howth Harbour,10,1.8942,1.8942,-1.0628,1
-6.0683,53.3915,0,2010-01-03T21:18:00Z,Howth Harbour,10,1.9942,1.9942,-0.9628,1
-6.0683,53.3915,0,2010-01-03T21:24:00Z,Howth Harbour,10,2.0642,2.0642,-0.8928,1
-6.0683,53.3915,0,2010-01-03T21:30:00Z,Howth Harbour,10,2.1542,2.1542,-0.8028,1
-6.0683,53.3915,0,2010-01-03T21:36:00Z,Howth Harbour,10,2.2342,2.2342,-0.7228,1
-6.0683,53.3915,0,2010-01-03T21:42:00Z,Howth Harbour,10,2.3342,2.3342,-0.6228,1
-6.0683,53.3915,0,2010-01-03T21:48:00Z,Howth Harbour,10,2.4342,2.4342,-0.5228,1
-6.0683,53.3915,0,2010-01-03T21:54:00Z,Howth Harbour,10,2.5142,2.5142,-0.4428,1
-6.0683,53.3915,0,2010-01-03T22:00:00Z,Howth Harbour,10,2.6242,2.6242,-0.3328,1
-6.0683,53.3915,0,2010-01-03T22:06:00Z,Howth Harbour,10,2.7142,2.7142,-0.2428,1
-6.0683,53.3915,0,2010-01-03T22:12:00Z,Howth Harbour,10,2.7942,2.7942,-0.1628,1
-6.0683,53.3915,0,2010-01-03T22:18:00Z,Howth Harbour,10,2.8942,2.8942,-0.0628,1
-6.0683,53.3915,0,2010-01-03T22:24:00Z,Howth Harbour,10,2.9842,2.9842,0.0272,1
-6.0683,53.3915,0,2010-01-03T22:30:00Z,Howth Harbour,10,3.0742,3.0742,0.1172,1
-6.0683,53.3915,0,2010-01-03T22:36:00Z,Howth Harbour,10,3.1642,3.1642,0.2072,1
-6.0683,53.3915,0,2010-01-03T22:42:00Z,Howth Harbour,10,3.2542,3.2542,0.2972,1
-6.0683,53.3915,0,2010-01-03T22:48:00Z,Howth Harbour,10,3.3342,3.3342,0.3772,1
-6.0683,53.3915,0,2010-01-03T22:54:00Z,Howth Harbour,10,3.4142,3.4142,0.4572,1
-6.0683,53.3915,0,2010-01-03T23:00:00Z,Howth Harbour,10,3.4942,3.4942,0.5372,1
-6.0683,53.3915,0,2010-01-03T23:06:00Z,Howth Harbour,10,3.5742,3.5742,0.6172,1
-6.0683,53.3915,0,2010-01-03T23:12:00Z,Howth Harbour,10,3.6542,3.6542,0.6972,1
-6.0683,53.3915,0,2010-01-03T23:18:00Z,Howth Harbour,10,3.7142,3.7142,0.7572,1
-6.0683,53.3915,0,2010-01-03T23:24:00Z,Howth Harbour,10,3.8042,3.8042,0.8472,1
-6.0683,53.3915,0,2010-01-03T23:30:00Z,Howth Harbour,10,3.8542,3.8542,0.8972,1
-6.0683,53.3915,0,2010-01-03T23:36:00Z,Howth Harbour,10,3.9342,3.9342,0.9772,1
-6.0683,53.3915,0,2010-01-03T23:42:00Z,Howth Harbour,10,3.9942,3.9942,1.0372,1
-6.0683,53.3915,0,2010-01-03T23:48:00Z,Howth Harbour,10,4.0642,4.0642,1.1072,1
-6.0683,53.3915,0,2010-01-03T23:54:00Z,Howth Harbour,10,4.1342,4.1342,1.1772,1
-6.0683,53.3915,0,2010-01-04T00:00:00Z,Howth Harbour,10,4.2042,4.2042,1.2472,1
-6.0683,53.3915,0,2010-01-04T00:06:00Z,Howth Harbour,10,4.2642,4.2642,1.3072,1
-6.0683,53.3915,0,2010-01-04T00:12:00Z,Howth Harbour,10,4.3142,4.3142,1.3572,1
-6.0683,53.3915,0,2010-01-04T00:18:00Z,Howth Harbour,10,4.3842,4.3842,1.4272,1
-6.0683,53.3915,0,2010-01-04T00:24:00Z,Howth Harbour,10,4.4242,4.4242,1.4672,1
-6.0683,53.3915,0,2010-01-04T00:30:00Z,Howth Harbour,10,4.4742,4.4742,1.5172,1
-6.0683,53.3915,0,2010-01-04T00:36:00Z,Howth Harbour,10,4.5242,4.5242,1.5672,1
-6.0683,53.3915,0,2010-01-04T00:42:00Z,Howth Harbour,10,4.5542,4.5542,1.5972,1
-6.0683,53.3915,0,2010-01-04T00:48:00Z,Howth Harbour,10,4.6042,4.6042,1.6472,1
-6.0683,53.3915,0,2010-01-04T00:54:00Z,Howth Harbour,10,4.6242,4.6242,1.6672,1
-6.0683,53.3915,0,2010-01-04T01:00:00Z,Howth Harbour,10,4.6642,4.6642,1.7072,1
-6.0683,53.3915,0,2010-01-04T01:06:00Z,Howth Harbour,10,4.6842,4.6842,1.7272,1
-6.0683,53.3915,0,2010-01-04T01:12:00Z,Howth Harbour,10,4.7242,4.7242,1.7672,1
-6.0683,53.3915,0,2010-01-04T01:18:00Z,Howth Harbour,10,4.7242,4.7242,1.7672,1
-6.0683,53.3915,0,2010-01-04T01:24:00Z,Howth Harbour,10,4.7442,4.7442,1.7872,1
-6.0683,53.3915,0,2010-01-04T01:30:00Z,Howth Harbour,10,4.7642,4.7642,1.8072,1
-6.0683,53.3915,0,2010-01-04T01:36:00Z,Howth Harbour,10,4.7442,4.7442,1.7872,1
-6.0683,53.3915,0,2010-01-04T01:42:00Z,Howth Harbour,10,4.7642,4.7642,1.8072,1
-6.0683,53.3915,0,2010-01-04T01:48:00Z,Howth Harbour,10,4.7442,4.7442,1.7872,1
-6.0683,53.3915,0,2010-01-04T01:54:00Z,Howth Harbour,10,4.7242,4.7242,1.7672,1
-6.0683,53.3915,0,2010-01-04T02:00:00Z,Howth Harbour,10,4.7042,4.7042,1.7472,1
-6.0683,53.3915,0,2010-01-04T02:06:00Z,Howth Harbour,10,4.6942,4.6942,1.7372,1
-6.0683,53.3915,0,2010-01-04T02:12:00Z,Howth Harbour,10,4.6742,4.6742,1.7172,1
-6.0683,53.3915,0,2010-01-04T02:18:00Z,Howth Harbour,10,4.6342,4.6342,1.6772,1
-6.0683,53.3915,0,2010-01-04T02:24:00Z,Howth Harbour,10,4.5842,4.5842,1.6272,1
-6.0683,53.3915,0,2010-01-04T02:30:00Z,Howth Harbour,10,4.5542,4.5542,1.5972,1
-6.0683,53.3915,0,2010-01-04T02:36:00Z,Howth Harbour,10,4.5042,4.5042,1.5472,1
-6.0683,53.3915,0,2010-01-04T02:42:00Z,Howth Harbour,10,4.4642,4.4642,1.5072,1
-6.0683,53.3915,0,2010-01-04T02:48:00Z,Howth Harbour,10,4.4142,4.4142,1.4572,1
-6.0683,53.3915,0,2010-01-04T02:54:00Z,Howth Harbour,10,4.3542,4.3542,1.3972,1
-6.0683,53.3915,0,2010-01-04T03:00:00Z,Howth Harbour,10,4.2942,4.2942,1.3372,1
-6.0683,53.3915,0,2010-01-04T03:06:00Z,Howth Harbour,10,4.2242,4.2242,1.2672,1
-6.0683,53.3915,0,2010-01-04T03:12:00Z,Howth Harbour,10,4.1542,4.1542,1.1972,1
-6.0683,53.3915,0,2010-01-04T03:18:00Z,Howth Harbour,10,4.0742,4.0742,1.1172,1
-6.0683,53.3915,0,2010-01-04T03:24:00Z,Howth Harbour,10,4.0142,4.0142,1.0572,1
-6.0683,53.3915,0,2010-01-04T03:30:00Z,Howth Harbour,10,3.9142,3.9142,0.9572,1
-6.0683,53.3915,0,2010-01-04T03:36:00Z,Howth Harbour,10,3.8342,3.8342,0.8772,1
-6.0683,53.3915,0,2010-01-04T03:42:00Z,Howth Harbour,10,3.7342,3.7342,0.7772,1
-6.0683,53.3915,0,2010-01-04T03:48:00Z,Howth Harbour,10,3.6442,3.6442,0.6872,1
-6.0683,53.3915,0,2010-01-04T03:54:00Z,Howth Harbour,10,3.5442,3.5442,0.5872,1
-6.0683,53.3915,0,2010-01-04T04:00:00Z,Howth Harbour,10,3.4342,3.4342,0.4772,1
-6.0683,53.3915,0,2010-01-04T04:06:00Z,Howth Harbour,10,3.3242,3.3242,0.3672,1
-6.0683,53.3915,0,2010-01-04T04:12:00Z,Howth Harbour,10,3.2242,3.2242,0.2672,1
-6.0683,53.3915,0,2010-01-04T04:18:00Z,Howth Harbour,10,3.1342,3.1342,0.1772,1
-6.0683,53.3915,0,2010-01-04T04:24:00Z,Howth Harbour,10,3.0142,3.0142,0.0572,1
-6.0683,53.3915,0,2010-01-04T04:30:00Z,Howth Harbour,10,2.9242,2.9242,-0.0328,1
-6.0683,53.3915,0,2010-01-04T04:36:00Z,Howth Harbour,10,2.8142,2.8142,-0.1428,1
-6.0683,53.3915,0,2010-01-04T04:42:00Z,Howth Harbour,10,2.7042,2.7042,-0.2528,1
-6.0683,53.3915,0,2010-01-04T04:48:00Z,Howth Harbour,10,2.5942,2.5942,-0.3628,1
-6.0683,53.3915,0,2010-01-04T04:54:00Z,Howth Harbour,10,2.4842,2.4842,-0.4728,1
-6.0683,53.3915,0,2010-01-04T05:00:00Z,Howth Harbour,10,2.4042,2.4042,-0.5528,1
-6.0683,53.3915,0,2010-01-04T05:06:00Z,Howth Harbour,10,2.2942,2.2942,-0.6628,1
-6.0683,53.3915,0,2010-01-04T05:12:00Z,Howth Harbour,10,2.1942,2.1942,-0.7628,1
-6.0683,53.3915,0,2010-01-04T05:18:00Z,Howth Harbour,10,2.0942,2.0942,-0.8628,1
-6.0683,53.3915,0,2010-01-04T05:24:00Z,Howth Harbour,10,1.9942,1.9942,-0.9628,1
-6.0683,53.3915,0,2010-01-04T05:30:00Z,Howth Harbour,10,1.9042,1.9042,-1.0528,1
-6.0683,53.3915,0,2010-01-04T05:36:00Z,Howth Harbour,10,1.8242,1.8242,-1.1328,1
-6.0683,53.3915,0,2010-01-04T05:42:00Z,Howth Harbour,10,1.7442,1.7442,-1.2128,1
-6.0683,53.3915,0,2010-01-04T05:48:00Z,Howth Harbour,10,1.6542,1.6542,-1.3028,1
-6.0683,53.3915,0,2010-01-04T05:54:00Z,Howth Harbour,10,1.5942,1.5942,-1.3628,1
-6.0683,53.3915,0,2010-01-04T06:00:00Z,Howth Harbour,10,1.5142,1.5142,-1.4428,1
-6.0683,53.3915,0,2010-01-04T06:06:00Z,Howth Harbour,10,1.4442,1.4442,-1.5128,1
-6.0683,53.3915,0,2010-01-04T06:12:00Z,Howth Harbour,10,1.4042,1.4042,-1.5528,1
-6.0683,53.3915,0,2010-01-04T06:18:00Z,Howth Harbour,10,1.3242,1.3242,-1.6328,1
-6.0683,53.3915,0,2010-01-04T06:24:00Z,Howth Harbour,10,1.2842,1.2842,-1.6728,1
-6.0683,53.3915,0,2010-01-04T06:30:00Z,Howth Harbour,10,1.2542,1.2542,-1.7028,1
-6.0683,53.3915,0,2010-01-04T06:36:00Z,Howth Harbour,10,1.2142,1.2142,-1.7428,1
-6.0683,53.3915,0,2010-01-04T06:42:00Z,Howth Harbour,10,1.1842,1.1842,-1.7728,1
-6.0683,53.3915,0,2010-01-04T06:48:00Z,Howth Harbour,10,1.1542,1.1542,-1.8028,1
-6.0683,53.3915,0,2010-01-04T06:54:00Z,Howth Harbour,10,1.1442,1.1442,-1.8128,1
-6.0683,53.3915,0,2010-01-04T07:00:00Z,Howth Harbour,10,1.1442,1.1442,-1.8128,1
-6.0683,53.3915,0,2010-01-04T07:06:00Z,Howth Harbour,10,1.1142,1.1142,-1.8428,1
-6.0683,53.3915,0,2010-01-04T07:12:00Z,Howth Harbour,10,1.1242,1.1242,-1.8328,1
-6.0683,53.3915,0,2010-01-04T07:18:00Z,Howth Harbour,10,1.1542,1.1542,-1.8028,1
-6.0683,53.3915,0,2010-01-04T07:24:00Z,Howth Harbour,10,1.1342,1.1342,-1.8228,1
-6.0683,53.3915,0,2010-01-04T07:30:00Z,Howth Harbour,10,1.1542,1.1542,-1.8028,1
-6.0683,53.3915,0,2010-01-04T07:36:00Z,Howth Harbour,10,1.1942,1.1942,-1.7628,1
-6.0683,53.3915,0,2010-01-04T07:42:00Z,Howth Harbour,10,1.1942,1.1942,-1.7628,1
-6.0683,53.3915,0,2010-01-04T07:48:00Z,Howth Harbour,10,1.2342,1.2342,-1.7228,1
