buoy_id,time,latitude,longitude,station_id,Hmax,HmaxPeriod,Havg,Tavg,qcflag
1,2010-01-01T13:30:00Z,54.233933,-10.1429,Belmullet Wave Buoy Berth B,3.33,8.45,1.1999,7.37,1
1,2010-01-01T14:00:00Z,54.233933,-10.1429,Belmullet Wave Buoy Berth B,3.09,11.18,1.2426,7.36,1
1,2010-01-01T14:30:00Z,54.233933,-10.1429,Belmullet Wave Buoy Berth B,3.34,7.67,1.3368,7.67,1
1,2010-01-01T15:00:00Z,54.233933,-10.1429,Belmullet Wave Buoy Berth B,3.18,9.85,1.2024,7.47,1
1,2010-01-01T15:30:00Z,54.233933,-10.1429,Belmullet Wave Buoy Berth B,2.87,9.02,1.2209,7.67,1
1,2010-01-01T16:00:00Z,54.233933,-10.1429,Belmullet Wave Buoy Berth B,3.03,8.78,1.252,7.54,1
1,2010-01-01T16:30:00Z,54.233933,-10.1429,Belmullet Wave Buoy Berth B,3.91,8.89,1.2587,7.5,1
1,2010-01-01T17:00:00Z,54.233933,-10.1429,Belmullet Wave Buoy Berth B,3.23,8.13,1.1139,7.09,1
1,2010-01-01T17:30:00Z,54.233933,-10.1429,Belmullet Wave Buoy Berth B,3.37,7.67,1.1936,7.57,1
1,2010-01-01T18:00:00Z,54.233933,-10.1429,Belmullet Wave Buoy Berth B,3.08,11.15,1.2882,7.73,1
1,2010-01-01T18:30:00Z,54.233933,-10.1429,Belmullet Wave Buoy Berth B,2.89,9.32,1.1491,7.51,1
1,2010-01-01T19:00:00Z,54.233933,-10.1429,Belmullet Wave Buoy Berth B,2.76,8.62,1.1791,7.47,1
1,2010-01-01T19:30:00Z,54.233933,-10.1429,Belmullet Wave Buoy Berth B,2.77,8,1.2839,7.57,1
1,2010-01-01T20:00:00Z,54.233933,-10.1429,Belmullet Wave Buoy Berth B,3.23,7.79,1.2283,7.5,1
1,2010-01-01T20:30:00Z,54.233933,-10.1429,Belmullet Wave Buoy Berth B,3.35,8.45,1.1955,7.5,1
1,2010-01-01T21:00:00Z,54.233933,-10.1429,Belmullet Wave Buoy Berth B,2.89,7.42,1.3054,7.68,1
1,2010-01-01T21:30:00Z,54.233933,-10.1429,Belmullet Wave Buoy Berth B,3.26,8.86,1.1869,7.4,1
1,2010-01-01T22:00:00Z,54.233933,-10.1429,Belmullet Wave Buoy Berth B,2.73,8.97,1.2212,7.45,1
1,2010-01-01T22:30:00Z,54.233933,-10.1429,Belmullet Wave Buoy Berth B,3.19,8.9,1.1193,7.34,1
1,2010-01-01T23:00:00Z,54.233933,-10.1429,Belmullet Wave Buoy Berth B,2.92,9.15,1.1559,7.68,1
1,2010-01-01T23:30:00Z,54.233933,-10.1429,Belmullet Wave Buoy Berth B,2.88,9.87,1.0892,7.17,1
1,2010-01-02T00:00:00Z,54.233933,-10.1429,Belmullet Wave Buoy Berth B,2.8,8.83,1.1282,7.15,1
1,2010-01-02T00:30:00Z,54.233933,-10.1429,Belmullet Wave Buoy Berth B,3.16,7.51,1.2044,7.45,1
1,2010-01-02T01:00:00Z,54.233933,-10.1429,Belmullet Wave Buoy Berth B,2.72,8.66,1.0657,7.27,1
1,2010-01-02T01:30:00Z,54.233933,-10.1429,Belmullet Wave Buoy Berth B,2.89,7.78,1.1316,7.32,1
1,2010-01-02T02:00:00Z,54.233933,-10.1429,Belmullet Wave Buoy Berth B,2.99,9.72,1.1214,7.33,1
1,2010-01-02T02:30:00Z,54.233933,-10.1429,Belmullet Wave Buoy Berth B,3.23,9.74,1.1089,7.23,1
1,2010-01-02T03:00:00Z,54.233933,-10.1429,Belmullet Wave Buoy Berth B,2.92,10.01,1.0789,7.06,1
1,2010-01-02T03:30:00Z,54.233933,-10.1429,Belmullet Wave Buoy Berth B,3.13,10.06,1.1212,6.99,1
1,2010-01-02T04:00:00Z,54.233933,-10.1429,Belmullet Wave Buoy Berth B,3.7,8.5,1.1486,6.93,1
1,2010-01-02T04:30:00Z,54.233933,-10.1429,Belmullet Wave Buoy Berth B,2.98,10.2,1.1327,6.72,1
1,2010-01-02T05:00:00Z,54.233933,-10.1429,Belmullet Wave Buoy Berth B,2.92,9.59,1.1512,6.49,1
1,2010-01-02T05:30:00Z,54.233933,-10.1429,Belmullet Wave Buoy Berth B,2.96,8.45,1.1321,6.55,1
1,2010-01-02T06:00:00Z,54.233933,-10.1429,Belmullet Wave Buoy Berth B,3.17,9.6,1.0993,6.4,1
1,2010-01-02T06:30:00Z,54.233933,-10.1429,Belmullet Wave Buoy Berth B,2.82,8.39,1.0032,5.78,1
1,2010-01-02T07:00:00Z,54.233933,-10.1429,Belmullet Wave Buoy Berth B,2.85,9.22,1.1256,6.28,1
1,2010-01-02T07:30:00Z,54.233933,-10.1429,Belmullet Wave Buoy Berth B,3.52,9.03,1.2166,6.54,1
1,2010-01-02T08:00:00Z,54.233933,-10.1429,Belmullet Wave Buoy Berth B,2.9,9.42,1.1441,6.24,1
1,2010-01-02T08:30:00Z,54.233933,-10.1429,Belmullet Wave Buoy Berth B,3.17,10.96,1.1144,6.31,1
1,2010-01-02T09:00:00Z,54.233933,-10.1429,Belmullet Wave Buoy Berth B,2.7,8.88,1.0316,6.06,1
1,2010-01-02T09:30:00Z,54.233933,-10.1429,Belmullet Wave Buoy Berth B,2.84,9.26,1.0592,5.93,1
1,2010-01-02T10:00:00Z,54.233933,-10.1429,Belmullet Wave Buoy Berth B,3.34,7.93,1.1616,6.49,1
1,2010-01-02T10:30:00Z,54.233933,-10.1429,Belmullet Wave Buoy Berth B,3.34,9.01,1.0974,6.04,1
1,2010-01-02T11:00:00Z,54.233933,-10.1429,Belmullet Wave Buoy Berth B,3.12,6.33,1.1178,5.87,1
1,2010-01-02T11:30:00Z,54.233933,-10.1429,Belmullet Wave Buoy Berth B,2.6,10.04,1.0308,5.54,1
1,2010-01-02T12:00:00Z,54.233933,-10.1429,Belmullet Wave Buoy Berth B,3.11,5.65,1.1786,5.92,1
1,2010-01-02T12:30:00Z,54.233933,-10.1429,Belmullet Wave Buoy Berth B,3.22,7.02,1.1945,5.97,1
1,2010-01-02T13:00:00Z,54.233933,-10.1429,Belmullet Wave Buoy Berth B,3.22,9.5,1.1252,5.52,1
1,2010-01-02T13:30:00Z,54.233933,-10.1429,Belmullet Wave Buoy Berth B,3.17,6.9,1.2704,5.98,1
1,2010-01-02T14:00:00Z,54.233933,-10.1429,Belmullet Wave Buoy Berth B,3.51,7.63,1.2324,5.77,1
1,2010-01-02T14:30:00Z,54.233933,-10.1429,Belmullet Wave Buoy Berth B,2.9,6.65,1.1731,5.99,1
1,2010-01-02T15:00:00Z,54.233933,-10.1429,Belmullet Wave Buoy Berth B,3.29,8.54,1.2039,5.82,1
1,2010-01-02T15:30:00Z,54.233933,-10.1429,Belmullet Wave Buoy Berth B,3.43,8.03,1.1785,6,1
1,2010-01-02T16:00:00Z,54.233933,-10.1429,Belmullet Wave Buoy Berth B,4.21,8.57,1.2209,6.46,1
1,2010-01-02T16:30:00Z,54.233933,-10.1429,Belmullet Wave Buoy Berth B,2.59,9.8,1.1673,6.45,1
1,2010-01-02T17:00:00Z,54.233933,-10.1429,Belmullet Wave Buoy Berth B,2.71,10.89,1.1947,6.74,1
1,2010-01-02T17:30:00Z,54.233933,-10.1429,Belmullet Wave Buoy Berth B,3.21,6.5,1.2061,6.88,1
1,2010-01-02T18:00:00Z,54.233933,-10.1429,Belmullet Wave Buoy Berth B,4.28,8.13,1.2982,7.27,1
1,2010-01-02T18:30:00Z,54.233933,-10.1429,Belmullet Wave Buoy Berth B,3.09,9.21,1.1631,6.63,1
1,2010-01-02T19:00:00Z,54.233933,-10.1429,Belmullet Wave Buoy Berth B,2.84,9.33,1.325,7.27,1
1,2010-01-02T19:30:00Z,54.233933,-10.1429,Belmullet Wave Buoy Berth B,3.33,7.89,1.27,7.15,1
1,2010-01-02T20:00:00Z,54.233933,-10.1429,Belmullet Wave Buoy Berth B,4.02,9.21,1.2549,6.99,1
1,2010-01-02T20:30:00Z,54.233933,-10.1429,Belmullet Wave Buoy Berth B,3.46,10.67,1.3496,7.48,1
1,2010-01-02T21:00:00Z,54.233933,-10.1429,Belmullet Wave Buoy Berth B,3.51,11.4,1.3271,7.18,1
1,2010-01-02T21:30:00Z,54.233933,-10.1429,Belmullet Wave Buoy Berth B,3.34,9.1,1.3323,7.49,1
1,2010-01-02T22:00:00Z,54.233933,-10.1429,Belmullet Wave Buoy Berth B,3.45,9.77,1.4112,7.66,1
1,2010-01-02T22:30:00Z,54.233933,-10.1429,Belmullet Wave Buoy Berth B,3.64,10.45,1.3733,7.46,1
1,2010-01-02T23:00:00Z,54.233933,-10.1429,Belmullet Wave Buoy Berth B,3.61,9.42,1.4114,7.11,1
1,2010-01-02T23:30:00Z,54.233933,-10.1429,Belmullet Wave Buoy Berth B,4.27,9.1,1.4883,7.54,1
1,2010-01-03T00:00:00Z,54.233933,-10.1429,Belmullet Wave Buoy Berth B,4.37,8.38,1.3952,7.16,1
1,2010-01-03T00:30:00Z,54.233933,-10.1429,Belmullet Wave Buoy Berth B,4.39,10.42,1.4246,7.29,1
1,2010-01-03T01:00:00Z,54.233933,-10.1429,Belmullet Wave Buoy Berth B,3.92,10,1.3212,7.18,1
1,2010-01-03T01:30:00Z,54.233933,-10.1429,Belmullet Wave Buoy Berth B,3.57,8.28,1.2683,7.24,1
1,2010-01-03T02:00:00Z,54.233933,-10.1429,Belmullet Wave Buoy Berth B,3.49,10.37,1.3195,7.36,1
1,2010-01-03T02:30:00Z,54.233933,-10.1429,Belmullet Wave Buoy Berth B,4.3,8.83,1.371,7.25,1
1,2010-01-03T03:00:00Z,54.233933,-10.1429,Belmullet Wave Buoy Berth B,3.64,8.61,1.3275,7.54,1
1,2010-01-03T03:30:00Z,54.233933,-10.1429,Belmullet Wave Buoy Berth B,3.26,8.72,1.4269,7.93,1
1,2010-01-03T04:00:00Z,54.233933,-10.1429,Belmullet Wave Buoy Berth B,3,9.19,1.2168,7.43,1
1,2010-01-03T04:30:00Z,54.233933,-10.1429,Belmullet Wave Buoy Berth B,3.27,9.09,1.1122,6.91,1
1,2010-01-03T05:00:00Z,54.233933,-10.1429,Belmullet Wave Buoy Berth B,2.79,8.65,1.1424,7.1,1
1,2010-01-03T05:30:00Z,54.233933,-10.1429,Belmullet Wave Buoy Berth B,3.42,9.71,1.1453,7.2,1
1,2010-01-03T06:00:00Z,54.233933,-10.1429,Belmullet Wave Buoy Berth B,3.35,9.41,1.1478,7.25,1
1,2010-01-03T06:30:00Z,54.233933,-10.1429,Belmullet Wave Buoy Berth B,3.57,8.44,1.0653,6.64,1
1,2010-01-03T07:00:00Z,54.233933,-10.1429,Belmullet Wave Buoy Berth B,3.71,7.93,1.0722,6.78,1
1,2010-01-03T07:30:00Z,54.233933,-10.1429,Belmullet Wave Buoy Berth B,2.75,8.26,1.0632,6.48,1
1,2010-01-03T08:00:00Z,54.233933,-10.1429,Belmullet Wave Buoy Berth B,3.52,8.15,1.1621,7.07,1
1,2010-01-03T08:30:00Z,54.233933,-10.1429,Belmullet Wave Buoy Berth B,3.27,8.81,1.1065,6.94,1
1,2010-01-03T09:00:00Z,54.233933,-10.1429,Belmullet Wave Buoy Berth B,3.14,8.04,0.9863,6.6,1
1,2010-01-03T09:30:00Z,54.233933,-10.1429,Belmullet Wave Buoy Berth B,2.67,8.73,0.9328,6.37,1
1,2010-01-03T10:00:00Z,54.233933,-10.1429,Belmullet Wave Buoy Berth B,2.97,9.2,0.9127,6.41,1
1,2010-01-03T10:30:00Z,54.233933,-10.1429,Belmullet Wave Buoy Berth B,2.57,7.55,1.034,6.89,1
1,2010-01-03T11:00:00Z,54.233933,-10.1429,Belmullet Wave Buoy Berth B,2.31,9.25,0.9064,6.56,1
1,2010-01-03T11:30:00Z,54.233933,-10.1429,Belmullet Wave Buoy Berth B,2.62,9.4,0.8902,6.34,1
1,2010-01-03T12:00:00Z,54.233933,-10.1429,Belmullet Wave Buoy Berth B,2.13,8.58,0.8483,6.48,1
1,2010-01-03T12:30:00Z,54.233933,-10.1429,Belmullet Wave Buoy Berth B,2.78,8.7,0.8886,6.35,1
1,2010-01-03T13:00:00Z,54.233933,-10.1429,Belmullet Wave Buoy Berth B,2.16,9.37,0.8127,6.38,1
1,2010-01-03T13:30:00Z,54.233933,-10.1429,Belmullet Wave Buoy Berth B,1.97,8.65,0.7967,6.19,1
1,2010-01-03T14:00:00Z,54.233933,-10.1429,Belmullet Wave Buoy Berth B,1.96,8.99,0.7426,6.11,1
1,2010-01-03T14:30:00Z,54.233933,-10.1429,Belmullet Wave Buoy Berth B,2.19,8.18,0.7893,6.26,1
1,2010-01-03T15:00:00Z,54.233933,-10.1429,Belmullet Wave Buoy Berth B,1.99,9.6,0.69,5.85,1
1,2010-01-03T15:30:00Z,54.233933,-10.1429,Belmullet Wave Buoy Berth B,2.15,8.39,0.6803,6.44,1
1,2010-01-03T16:00:00Z,54.233933,-10.1429,Belmullet Wave Buoy Berth B,2,8.94,0.7642,6.68,1
1,2010-01-03T16:30:00Z,54.233933,-10.1429,Belmullet Wave Buoy Berth B,1.98,8.57,0.7522,6.39,1
1,2010-01-03T17:00:00Z,54.233933,-10.1429,Belmullet Wave Buoy Berth B,1.77,9.4,0.6284,6.22,1
1,2010-01-03T17:30:00Z,54.233933,-10.1429,Belmullet Wave Buoy Berth B,1.98,7.94,0.6248,6.08,1
1,2010-01-03T18:00:00Z,54.233933,-10.1429,Belmullet Wave Buoy Berth B,1.93,8.2,0.6751,6.43,1
1,2010-01-03T18:30:00Z,54.233933,-10.1429,Belmullet Wave Buoy Berth B,1.91,10.36,0.6273,5.87,1
1,2010-01-03T19:00:00Z,54.233933,-10.1429,Belmullet Wave Buoy Berth B,1.76,7.9,0.6725,6.14,1
1,2010-01-03T19:30:00Z,54.233933,-10.1429,Belmullet Wave Buoy Berth B,2.36,8.65,0.7546,6.43,1
1,2010-01-03T20:00:00Z,54.233933,-10.1429,Belmullet Wave Buoy Berth B,1.83,8.25,0.7068,6.48,1
1,2010-01-03T20:30:00Z,54.233933,-10.1429,Belmullet Wave Buoy Berth B,2.12,8.96,0.6516,6.18,1
1,2010-01-03T21:00:00Z,54.233933,-10.1429,Belmullet Wave Buoy Berth B,1.96,9.1,0.692,6.7,1
1,2010-01-03T21:30:00Z,54.233933,-10.1429,Belmullet Wave Buoy Berth B,1.79,8.82,0.6967,6.54,1
1,2010-01-03T22:00:00Z,54.233933,-10.1429,Belmullet Wave Buoy Berth B,2.23,9.19,0.6889,6.38,1
1,2010-01-03T22:30:00Z,54.233933,-10.1429,Belmullet Wave Buoy Berth B,1.78,8.86,0.7303,6.97,1
1,2010-01-03T23:00:00Z,54.233933,-10.1429,Belmullet Wave Buoy Berth B,1.67,9.85,0.6702,7.17,1
1,2010-01-03T23:30:00Z,54.233933,-10.1429,Belmullet Wave Buoy Berth B,2.22,8.29,0.7104,7.08,1
1,2010-01-04T00:00:00Z,54.233933,-10.1429,Belmullet Wave Buoy Berth B,1.49,9.12,0.6305,6.53,1
1,2010-01-04T00:30:00Z,54.233933,-10.1429,Belmullet Wave Buoy Berth B,1.71,8.3,0.633,6.74,1
1,2010-01-04T01:00:00Z,54.233933,-10.1429,Belmullet Wave Buoy Berth B,1.41,8.64,0.6503,6.99,1
1,2010-01-04T01:30:00Z,54.233933,-10.1429,Belmullet Wave Buoy Berth B,1.77,8.78,0.6071,6.75,1
1,2010-01-04T02:00:00Z,54.233933,-10.1429,Belmullet Wave Buoy Berth B,1.86,9.5,0.6807,7.31,1
1,2010-01-04T02:30:00Z,54.233933,-10.1429,Belmullet Wave Buoy Berth B,1.82,8.33,0.6604,7.27,1
1,2010-01-04T03:00:00Z,54.233933,-10.1429,Belmullet Wave Buoy Berth B,1.68,9.48,0.6396,7.11,1
1,2010-01-04T03:30:00Z,54.233933,-10.1429,Belmullet Wave Buoy Berth B,1.65,8.7,0.7114,7.84,1
1,2010-01-04T04:00:00Z,54.233933,-10.1429,Belmullet Wave Buoy Berth B,1.9,8.98,0.6915,7.3,1
1,2010-01-04T04:30:00Z,54.233933,-10.1429,Belmullet Wave Buoy Berth B,1.68,8.81,0.694,7.23,1
1,2010-01-04T05:00:00Z,54.233933,-10.1429,Belmullet Wave Buoy Berth B,2.06,10.21,0.7365,7.61,1
1,2010-01-04T05:30:00Z,54.233933,-10.1429,Belmullet Wave Buoy Berth B,1.78,9.19,0.7124,7.33,1
1,2010-01-04T06:00:00Z,54.233933,-10.1429,Belmullet Wave Buoy Berth B,1.74,8.73,0.6931,7.41,1
1,2010-01-04T06:30:00Z,54.233933,-10.1429,Belmullet Wave Buoy Berth B,2.11,8.42,0.6847,7.09,1
1,2010-01-04T07:00:00Z,54.233933,-10.1429,Belmullet Wave Buoy Berth B,2.14,9.49,0.7433,7.99,1
1,2010-01-04T07:30:00Z,54.233933,-10.1429,Belmullet Wave Buoy Berth B,1.94,10.03,0.7625,8.18,1
1,2010-01-04T08:00:00Z,54.233933,-10.1429,Belmullet Wave Buoy Berth B,1.89,7.62,0.6915,7.07,1
1,2010-01-04T08:30:00Z,54.233933,-10.1429,Belmullet Wave Buoy Berth B,2.22,9.29,0.779,7.7,1
1,2010-01-04T09:00:00Z,54.233933,-10.1429,Belmullet Wave Buoy Berth B,2.12,10.17,0.7483,7.6,1
1,2010-01-04T09:30:00Z,54.233933,-10.1429,Belmullet Wave Buoy Berth B,2.55,10.48,0.7563,7.62,1
1,2010-01-04T10:00:00Z,54.233933,-10.1429,Belmullet Wave Buoy Berth B,2.48,10.63,0.7828,7.72,1
1,2010-01-04T10:30:00Z,54.233933,-10.1429,Belmullet Wave Buoy Berth B,2.09,9.23,0.7674,7.2,1
1,2010-01-04T11:00:00Z,54.233933,-10.1429,Belmullet Wave Buoy Berth B,2.41,10.08,0.7905,6.98,1
1,2010-01-04T11:30:00Z,54.233933,-10.1429,Belmullet Wave Buoy Berth B,2.38,9.3,0.7397,6.5,1
1,2010-01-04T12:00:00Z,54.233933,-10.1429,Belmullet Wave Buoy Berth B,2.48,9.7,0.734,5.96,1
1,2010-01-04T12:30:00Z,54.233933,-10.1429,Belmullet Wave Buoy Berth B,2.07,8.57,0.7671,5.25,1
1,2010-01-04T13:00:00Z,54.233933,-10.1429,Belmullet Wave Buoy Berth B,2.1,9.58,0.763,5.11,1
1,2010-01-04T13:30:00Z,54.233933,-10.1429,Belmullet Wave Buoy Berth B,2.22,9.36,0.8305,4.9,1
1,2010-01-04T14:00:00Z,54.233933,-10.1429,Belmullet Wave Buoy Berth B,2.11,11.34,0.8269,4.87,1
1,2010-01-04T14:30:00Z,54.233933,-10.1429,Belmullet Wave Buoy Berth B,2.26,5.29,0.8071,4.87,1
1,2010-01-04T15:00:00Z,54.233933,-10.1429,Belmullet Wave Buoy Berth B,2.53,11.33,0.8315,5.31,1
1,2010-01-04T15:30:00Z,54.233933,-10.1429,Belmullet Wave Buoy Berth B,2.15,5.41,0.8569,5.25,1
1,2010-01-04T16:00:00Z,54.233933,-10.1429,Belmullet Wave Buoy Berth B,1.97,9.56,0.7886,5.29,1
1,2010-01-04T16:30:00Z,54.233933,-10.1429,Belmullet Wave Buoy Berth B,1.95,6.25,0.8622,5.58,1
1,2010-01-04T17:00:00Z,54.233933,-10.1429,Belmullet Wave Buoy Berth B,2.28,9.15,0.787,5.07,1
1,2010-01-04T17:30:00Z,54.233933,-10.1429,Belmullet Wave Buoy Berth B,2.09,5.95,0.8531,5.16,1
1,2010-01-04T18:00:00Z,54.233933,-10.1429,Belmullet Wave Buoy Berth B,2.04,6.61,0.8584,5.13,1
1,2010-01-04T18:30:00Z,54.233933,-10.1429,Belmullet Wave Buoy Berth B,2.59,6.69,0.8583,5.27,1
1,2010-01-04T19:00:00Z,54.233933,-10.1429,Belmullet Wave Buoy Berth B,2.01,9.56,0.8199,5.1,1
1,2010-01-04T19:30:00Z,54.233933,-10.1429,Belmullet Wave Buoy Berth B,2.15,10.39,0.8488,5.2,1
1,2010-01-04T20:00:00Z,54.233933,-10.1429,Belmullet Wave Buoy Berth B,2.23,9.08,0.8943,5.14,1
1,2010-01-04T20:30:00Z,54.233933,-10.1429,Belmullet Wave Buoy Berth B,2,5.76,0.8779,4.94,1
1,2010-01-04T21:00:00Z,54.233933,-10.1429,Belmullet Wave Buoy Berth B,2.32,6.02,0.9002,5.08,1
1,2010-01-04T21:30:00Z,54.233933,-10.1429,Belmullet Wave Buoy Berth B,2.9,8.39,0.9323,5.4,1
1,2010-01-04T22:00:00Z,54.233933,-10.1429,Belmullet Wave Buoy Berth B,2.33,7.07,0.9267,5.44,1
1,2010-01-04T22:30:00Z,54.233933,-10.1429,Belmullet Wave Buoy Berth B,2.36,6.56,0.904,5.01,1
1,2010-01-04T23:00:00Z,54.233933,-10.1429,Belmullet Wave Buoy Berth B,2.78,6.37,1.0641,5.12,1
1,2010-01-04T23:30:00Z,54.233933,-10.1429,Belmullet Wave Buoy Berth B,3.14,6.45,1.2032,5.17,1
1,2010-01-05T00:00:00Z,54.233933,-10.1429,Belmullet Wave Buoy Berth B,3.73,6.24,1.24,5.44,1
1,2010-01-05T00:30:00Z,54.233933,-10.1429,Belmullet Wave Buoy Berth B,3.26,5.28,1.43,5.73,1
1,2010-01-05T01:00:00Z,54.233933,-10.1429,Belmullet Wave Buoy Berth B,3.28,6.41,1.3535,5.59,1
1,2010-01-05T01:30:00Z,54.233933,-10.1429,Belmullet Wave Buoy Berth B,3.96,6.59,1.46,5.6,1
1,2010-01-05T02:00:00Z,54.233933,-10.1429,Belmullet Wave Buoy Berth B,4.3,6.58,1.6782,5.96,1
1,2010-01-05T02:30:00Z,54.233933,-10.1429,Belmullet Wave Buoy Berth B,4.98,7.17,1.6734,5.98,1
1,2010-01-05T03:00:00Z,54.233933,-10.1429,Belmullet Wave Buoy Berth B,4.81,7.18,1.7479,5.93,1
1,2010-01-05T03:30:00Z,54.233933,-10.1429,Belmullet Wave Buoy Berth B,4.73,7.22,1.7869,6.21,1
1,2010-01-05T04:00:00Z,54.233933,-10.1429,Belmullet Wave Buoy Berth B,5.02,7.47,1.9677,6.5,1
1,2010-01-05T04:30:00Z,54.233933,-10.1429,Belmullet Wave Buoy Berth B,4.95,7.29,1.9401,6.64,1
1,2010-01-05T05:00:00Z,54.233933,-10.1429,Belmullet Wave Buoy Berth B,4.57,7.77,1.943,6.6,1
1,2010-01-05T05:30:00Z,54.233933,-10.1429,Belmullet Wave Buoy Berth B,5.79,7.47,2.1275,6.71,1
1,2010-01-05T06:00:00Z,54.233933,-10.1429,Belmullet Wave Buoy Berth B,5.47,9.63,2.1064,6.94,1
1,2010-01-05T06:30:00Z,54.233933,-10.1429,Belmullet Wave Buoy Berth B,5.66,8.61,1.9499,6.69,1
1,2010-01-05T07:00:00Z,54.233933,-10.1429,Belmullet Wave Buoy Berth B,5.1,9.46,1.9428,6.72,1
1,2010-01-05T07:30:00Z,54.233933,-10.1429,Belmullet Wave Buoy Berth B,4.73,9.89,1.9027,7.08,1
1,2010-01-05T08:00:00Z,54.233933,-10.1429,Belmullet Wave Buoy Berth B,4.44,9.03,1.9347,7.32,1
1,2010-01-05T08:30:00Z,54.233933,-10.1429,Belmullet Wave Buoy Berth B,4.95,8.26,1.9677,7.31,1
1,2010-01-05T09:00:00Z,54.233933,-10.1429,Belmullet Wave Buoy Berth B,5.84,9.03,1.858,7.19,1
1,2010-01-05T09:30:00Z,54.233933,-10.1429,Belmullet Wave Buoy Berth B,5.42,8.78,1.7807,6.91,1
1,2010-01-05T10:00:00Z,54.233933,-10.1429,Belmullet Wave Buoy Berth B,5.48,9.6,1.8417,7.28,1
1,2010-01-05T10:30:00Z,54.233933,-10.1429,Belmullet Wave Buoy Berth B,4.39,10.13,1.8363,7.38,1
1,2010-01-05T11:00:00Z,54.233933,-10.1429,Belmullet Wave Buoy Berth B,5.06,8.99,1.792,6.71,1
1,2010-01-05T11:30:00Z,54.233933,-10.1429,Belmullet Wave Buoy Berth B,4.21,10.08,1.6382,6.64,1
1,2010-01-05T12:00:00Z,54.233933,-10.1429,Belmullet Wave Buoy Berth B,5.6,10.71,1.9151,7.08,1
1,2010-01-05T12:30:00Z,54.233933,-10.1429,Belmullet Wave Buoy Berth B,4.53,8.11,1.9159,7.31,1
1,2010-01-05T13:00:00Z,54.233933,-10.1429,Belmullet Wave Buoy Berth B,5.34,10.74,1.9325,6.89,1
1,2010-01-05T13:30:00Z,54.233933,-10.1429,Belmullet Wave Buoy Berth B,5.61,9.21,1.9455,7.19,1
1,2010-01-05T14:00:00Z,54.233933,-10.1429,Belmullet Wave Buoy Berth B,5.33,10.31,2.0435,7.14,1
1,2010-01-05T14:30:00Z,54.233933,-10.1429,Belmullet Wave Buoy Berth B,5.39,8.33,1.9424,6.91,1
1,2010-01-05T15:00:00Z,54.233933,-10.1429,Belmullet Wave Buoy Berth B,5.87,10.34,2.2041,7.71,1
1,2010-01-05T15:30:00Z,54.233933,-10.1429,Belmullet Wave Buoy Berth B,5.17,11.98,2.0873,7.18,1
1,2010-01-05T16:00:00Z,54.233933,-10.1429,Belmullet Wave Buoy Berth B,4.92,8.34,2.1417,7.1,1
1,2010-01-05T16:30:00Z,54.233933,-10.1429,Belmullet Wave Buoy Berth B,6.01,9.88,2.2178,7.29,1
1,2010-01-05T17:00:00Z,54.233933,-10.1429,Belmullet Wave Buoy Berth B,6.51,8.15,2.2928,7.45,1
1,2010-01-05T17:30:00Z,54.233933,-10.1429,Belmullet Wave Buoy Berth B,7,9.1,2.459,7.84,1
1,2010-01-05T18:00:00Z,54.233933,-10.1429,Belmullet Wave Buoy Berth B,6.91,10.71,2.3751,7.78,1
1,2010-01-05T18:30:00Z,54.233933,-10.1429,Belmullet Wave Buoy Berth B,6.24,9.8,2.2476,7.43,1
1,2010-01-05T19:00:00Z,54.233933,-10.1429,Belmullet Wave Buoy Berth B,7.24,9.59,2.496,8.06,1
1,2010-01-05T19:30:00Z,54.233933,-10.1429,Belmullet Wave Buoy Berth B,6.04,9.82,2.3861,7.95,1
1,2010-01-05T20:00:00Z,54.233933,-10.1429,Belmullet Wave Buoy Berth B,7.09,9.36,2.4315,7.72,1
1,2010-01-05T20:30:00Z,54.233933,-10.1429,Belmullet Wave Buoy Berth B,6.59,11.74,2.6651,8.48,1
1,2010-01-05T21:00:00Z,54.233933,-10.1429,Belmullet Wave Buoy Berth B,6.72,9.48,2.4817,8.25,1
1,2010-01-05T21:30:00Z,54.233933,-10.1429,Belmullet Wave Buoy Berth B,7.68,10.67,2.5244,8.43,1
1,2010-01-05T22:00:00Z,54.233933,-10.1429,Belmullet Wave Buoy Berth B,6.39,11.14,2.514,8.19,1
1,2010-01-05T22:30:00Z,54.233933,-10.1429,Belmullet Wave Buoy Berth B,7.19,10.03,2.6418,8.17,1
1,2010-01-05T23:00:00Z,54.233933,-10.1429,Belmullet Wave Buoy Berth B,6.69,11.83,2.6597,8.39,1
1,2010-01-05T23:30:00Z,54.233933,-10.1429,Belmullet Wave Buoy Berth B,7.84,9.61,2.6666,8.18,1
1,2010-01-06T00:00:00Z,54.233933,-10.1429,Belmullet Wave Buoy Berth B,7.17,12.1,2.6876,8.13,1
1,2010-01-06T00:30:00Z,54.233933,-10.1429,Belmullet Wave Buoy Berth B,6.08,10.8,2.5622,8.19,1
1,2010-01-06T01:00:00Z,54.233933,-10.1429,Belmullet Wave Buoy Berth B,5.77,8.1,2.5974,8.62,1
1,2010-01-06T01:30:00Z,54.233933,-10.1429,Belmullet Wave Buoy Berth B,6.95,10.37,2.4885,8.16,1
1,2010-01-06T02:00:00Z,54.233933,-10.1429,Belmullet Wave Buoy Berth B,6.46,11.32,2.346,7.7,1
1,2010-01-06T02:30:00Z,54.233933,-10.1429,Belmullet Wave Buoy Berth B,5.67,11.21,2.4359,7.84,1
1,2010-01-06T03:00:00Z,54.233933,-10.1429,Belmullet Wave Buoy Berth B,5.88,11.2,2.4546,8.25,1
1,2010-01-06T03:30:00Z,54.233933,-10.1429,Belmullet Wave Buoy Berth B,6.75,11.17,2.5037,8.35,1
1,2010-01-06T04:00:00Z,54.233933,-10.1429,Belmullet Wave Buoy Berth B,7.29,10.76,2.3861,8.48,1
1,2010-01-06T04:30:00Z,54.233933,-10.1429,Belmullet Wave Buoy Berth B,6.07,11.59,2.2518,7.75,1
1,2010-01-06T05:00:00Z,54.233933,-10.1429,Belmullet Wave Buoy Berth B,5.4,9.68,2.1185,7.78,1
1,2010-01-06T05:30:00Z,54.233933,-10.1429,Belmullet Wave Buoy Berth B,5.84,10.41,2.2243,7.92,1
1,2010-01-06T06:00:00Z,54.233933,-10.1429,Belmullet Wave Buoy Berth B,5.06,11.28,2.047,7.79,1
1,2010-01-06T06:30:00Z,54.233933,-10.1429,Belmullet Wave Buoy Berth B,5.64,8.32,2.2358,8.1,1
1,2010-01-06T07:00:00Z,54.233933,-10.1429,Belmullet Wave Buoy Berth B,4.65,9.43,2.0239,7.62,1
1,2010-01-06T07:30:00Z,54.233933,-10.1429,Belmullet Wave Buoy Berth B,4.96,8.14,2.0848,7.97,1
1,2010-01-06T08:00:00Z,54.233933,-10.1429,Belmullet Wave Buoy Berth B,4.83,11.28,1.9123,7.26,1
1,2010-01-06T08:30:00Z,54.233933,-10.1429,Belmullet Wave Buoy Berth B,4.77,9.06,1.7965,7.43,1
1,2010-01-06T09:00:00Z,54.233933,-10.1429,Belmullet Wave Buoy Berth B,3.91,9.57,1.7269,7.52,1
1,2010-01-06T09:30:00Z,54.233933,-10.1429,Belmullet Wave Buoy Berth B,4.14,9.48,1.5925,7.15,1
1,2010-01-06T10:00:00Z,54.233933,-10.1429,Belmullet Wave Buoy Berth B,3.93,7.64,1.61,6.92,1
1,2010-01-06T10:30:00Z,54.233933,-10.1429,Belmullet Wave Buoy Berth B,4.25,8.61,1.7343,7.35,1
1,2010-01-06T11:00:00Z,54.233933,-10.1429,Belmullet Wave Buoy Berth B,3.71,9.02,1.6367,7.47,1
1,2010-01-06T11:30:00Z,54.233933,-10.1429,Belmullet Wave Buoy Berth B,4.11,8.39,1.5718,7.23,1
1,2010-01-06T12:00:00Z,54.233933,-10.1429,Belmullet Wave Buoy Berth B,4.88,11.21,1.5095,6.73,1
1,2010-01-06T12:30:00Z,54.233933,-10.1429,Belmullet Wave Buoy Berth B,4.35,10.54,1.4107,7.11,1
1,2010-01-06T13:00:00Z,54.233933,-10.1429,Belmullet Wave Buoy Berth B,4.41,9.03,1.3315,6.84,1
1,2010-01-06T13:30:00Z,54.233933,-10.1429,Belmullet Wave Buoy Berth B,3.71,8.97,1.2997,7.06,1
1,2010-01-06T14:00:00Z,54.233933,-10.1429,Belmullet Wave Buoy Berth B,3.38,10.43,1.397,7.45,1
1,2010-01-06T14:30:00Z,54.233933,-10.1429,Belmullet Wave Buoy Berth B,3.7,8.28,1.3652,7.59,1
1,2010-01-06T15:00:00Z,54.233933,-10.1429,Belmullet Wave Buoy Berth B,3.42,9.05,1.2678,7.11,1
1,2010-01-06T15:30:00Z,54.233933,-10.1429,Belmullet Wave Buoy Berth B,3.06,9.57,1.206,6.55,1
1,2010-01-06T16:00:00Z,54.233933,-10.1429,Belmullet Wave Buoy Berth B,3.2,11.41,1.3587,7.39,1
1,2010-01-06T16:30:00Z,54.233933,-10.1429,Belmullet Wave Buoy Berth B,3.22,9.77,1.2365,6.96,1
1,2010-01-06T17:00:00Z,54.233933,-10.1429,Belmullet Wave Buoy Berth B,3.94,9.17,1.2599,7.07,1
1,2010-01-06T17:30:00Z,54.233933,-10.1429,Belmullet Wave Buoy Berth B,3.98,9.38,1.3332,7.42,1
1,2010-01-06T18:00:00Z,54.233933,-10.1429,Belmullet Wave Buoy Berth B,3.63,9.74,1.2728,7.52,1
1,2010-01-06T18:30:00Z,54.233933,-10.1429,Belmullet Wave Buoy Berth B,2.9,7.84,1.2506,7.3,1
1,2010-01-06T19:00:00Z,54.233933,-10.1429,Belmullet Wave Buoy Berth B,2.82,9.5,1.2014,7.13,1
1,2010-01-06T19:30:00Z,54.233933,-10.1429,Belmullet Wave Buoy Berth B,3.22,9.63,1.303,7.73,1
1,2010-01-06T20:00:00Z,54.233933,-10.1429,Belmullet Wave Buoy Berth B,3.53,8.71,1.2233,7.31,1
1,2010-01-06T20:30:00Z,54.233933,-10.1429,Belmullet Wave Buoy Berth B,3.52,8.99,1.2568,7.32,1
1,2010-01-06T21:00:00Z,54.233933,-10.1429,Belmullet Wave Buoy Berth B,3.22,9.07,1.1255,7.19,1
1,2010-01-06T21:30:00Z,54.233933,-10.1429,Belmullet Wave Buoy Berth B,3.03,8.79,1.0785,6.86,1
1,2010-01-06T22:00:00Z,54.233933,-10.1429,Belmullet Wave Buoy Berth B,3.6,8.99,1.1615,6.91,1
1,2010-01-06T22:30:00Z,54.233933,-10.1429,Belmullet Wave Buoy Berth B,3.51,8.03,1.1833,7.36,1
1,2010-01-06T23:00:00Z,54.233933,-10.1429,Belmullet Wave Buoy Berth B,3.39,7.56,1.1965,7.33,1
1,2010-01-06T23:30:00Z,54.233933,-10.1429,Belmullet Wave Buoy Berth B,2.89,8.52,1.1144,7.04,1
1,2010-01-07T00:00:00Z,54.233933,-10.1429,Belmullet Wave Buoy Berth B,3.37,7.99,1.0903,6.94,1
1,2010-01-07T00:30:00Z,54.233933,-10.1429,Belmullet Wave Buoy Berth B,3,8.49,1.0852,6.96,1
1,2010-01-07T01:00:00Z,54.233933,-10.1429,Belmullet Wave Buoy Berth B,3.02,6.95,1.1136,6.82,1
1,2010-01-07T01:30:00Z,54.233933,-10.1429,Belmullet Wave Buoy Berth B,2.63,9.02,1.1466,7.05,1
1,2010-01-07T02:00:00Z,54.233933,-10.1429,Belmullet Wave Buoy Berth B,3.47,8.31,1.1481,6.69,1
1,2010-01-07T02:30:00Z,54.233933,-10.1429,Belmullet Wave Buoy Berth B,2.6,8.56,1.1258,6.75,1
1,2010-01-07T03:00:00Z,54.233933,-10.1429,Belmullet Wave Buoy Berth B,3.06,8.66,1.2111,6.95,1
1,2010-01-07T03:30:00Z,54.233933,-10.1429,Belmullet Wave Buoy Berth B,2.75,7.42,1.1174,6.6,1
1,2010-01-07T04:00:00Z,54.233933,-10.1429,Belmullet Wave Buoy Berth B,2.7,10.68,1.135,6.28,1
1,2010-01-07T04:30:00Z,54.233933,-10.1429,Belmullet Wave Buoy Berth B,2.84,7.33,1.1254,6.29,1
1,2010-01-07T05:00:00Z,54.233933,-10.1429,Belmullet Wave Buoy Berth B,2.77,8.29,1.0645,6.29,1
1,2010-01-07T05:30:00Z,54.233933,-10.1429,Belmullet Wave Buoy Berth B,2.78,8.82,1.0985,6.27,1
1,2010-01-07T06:00:00Z,54.233933,-10.1429,Belmullet Wave Buoy Berth B,2.62,7.36,1.0403,6.38,1
1,2010-01-07T06:30:00Z,54.233933,-10.1429,Belmullet Wave Buoy Berth B,2.77,8.19,1.0184,6.32,1
1,2010-01-07T07:00:00Z,54.233933,-10.1429,Belmullet Wave Buoy Berth B,2.92,7.52,1.1042,6.64,1
1,2010-01-07T07:30:00Z,54.233933,-10.1429,Belmullet Wave Buoy Berth B,2.66,9.11,1.0885,6.69,1
1,2010-01-07T08:00:00Z,54.233933,-10.1429,Belmullet Wave Buoy Berth B,2.78,7.02,1.0884,6.52,1
1,2010-01-07T08:30:00Z,54.233933,-10.1429,Belmullet Wave Buoy Berth B,2.84,9.53,1.1084,6.55,1
1,2010-01-07T09:00:00Z,54.233933,-10.1429,Belmullet Wave Buoy Berth B,2.78,8.36,1.0488,6.24,1
1,2010-01-07T09:30:00Z,54.233933,-10.1429,Belmullet Wave Buoy Berth B,2.69,6.79,0.9733,6.07,1
1,2010-01-07T10:00:00Z,54.233933,-10.1429,Belmullet Wave Buoy Berth B,2.57,8.89,1.0249,6.37,1
1,2010-01-07T10:30:00Z,54.233933,-10.1429,Belmullet Wave Buoy Berth B,2.41,9.18,1.0197,6.52,1
1,2010-01-07T11:00:00Z,54.233933,-10.1429,Belmullet Wave Buoy Berth B,2.69,6.81,0.9425,5.98,1
1,2010-01-07T11:30:00Z,54.233933,-10.1429,Belmullet Wave Buoy Berth B,2.59,8.17,1.039,6.56,1
1,2010-01-07T12:00:00Z,54.233933,-10.1429,Belmullet Wave Buoy Berth B,2.97,8.71,1.043,6.48,1
1,2010-01-07T12:30:00Z,54.233933,-10.1429,Belmullet Wave Buoy Berth B,2.5,6.57,1.0196,6.66,1
1,2010-01-07T13:00:00Z,54.233933,-10.1429,Belmullet Wave Buoy Berth B,2.66,11.15,1.0012,6.7,1
1,2010-01-07T13:30:00Z,54.233933,-10.1429,Belmullet Wave Buoy Berth B,2.14,9.55,0.9012,6.19,1
1,2010-01-07T14:00:00Z,54.233933,-10.1429,Belmullet Wave Buoy Berth B,2.42,8.96,0.9366,6.29,1
1,2010-01-07T14:30:00Z,54.233933,-10.1429,Belmullet Wave Buoy Berth B,2.81,10.02,0.938,6.27,1
1,2010-01-07T15:00:00Z,54.233933,-10.1429,Belmullet Wave Buoy Berth B,2.49,7.97,0.892,6.18,1
1,2010-01-07T15:30:00Z,54.233933,-10.1429,Belmullet Wave Buoy Berth B,2.59,9.34,0.9117,6.18,1
1,2010-01-07T16:00:00Z,54.233933,-10.1429,Belmullet Wave Buoy Berth B,2.66,7.11,1.0433,6.67,1
1,2010-01-07T16:30:00Z,54.233933,-10.1429,Belmullet Wave Buoy Berth B,3.46,7.39,1.0163,6.27,1
1,2010-01-07T17:00:00Z,54.233933,-10.1429,Belmullet Wave Buoy Berth B,2.72,7.48,0.9905,5.94,1
1,2010-01-07T17:30:00Z,54.233933,-10.1429,Belmullet Wave Buoy Berth B,2.76,7.39,1.0586,6.08,1
1,2010-01-07T18:00:00Z,54.233933,-10.1429,Belmullet Wave Buoy Berth B,2.97,8.11,0.9943,6.27,1
1,2010-01-07T18:30:00Z,54.233933,-10.1429,Belmullet Wave Buoy Berth B,2.36,6.03,0.9979,6.25,1
1,2010-01-07T19:00:00Z,54.233933,-10.1429,Belmullet Wave Buoy Berth B,2.83,7.31,1.0294,6.59,1
1,2010-01-07T19:30:00Z,54.233933,-10.1429,Belmullet Wave Buoy Berth B,2.64,6.89,1.0202,6.55,1
1,2010-01-07T20:00:00Z,54.233933,-10.1429,Belmullet Wave Buoy Berth B,3.09,7.18,1.0789,6.83,1
1,2010-01-07T20:30:00Z,54.233933,-10.1429,Belmullet Wave Buoy Berth B,2.76,7.1,1.0656,6.67,1
1,2010-01-07T21:00:00Z,54.233933,-10.1429,Belmullet Wave Buoy Berth B,2.78,8.23,1.0932,6.51,1
1,2010-01-07T21:30:00Z,54.233933,-10.1429,Belmullet Wave Buoy Berth B,3.27,6.84,1.147,6.74,1
1,2010-01-07T22:00:00Z,54.233933,-10.1429,Belmullet Wave Buoy Berth B,2.89,7.23,1.1257,6.71,1
1,2010-01-07T22:30:00Z,54.233933,-10.1429,Belmullet Wave Buoy Berth B,2.56,8.1,1.0809,6.66,1
1,2010-01-07T23:00:00Z,54.233933,-10.1429,Belmullet Wave Buoy Berth B,2.69,9.78,1.1404,7.02,1
1,2010-01-07T23:30:00Z,54.233933,-10.1429,Belmullet Wave Buoy Berth B,3.2,11.09,1.0759,6.84,1
1,2010-01-08T00:00:00Z,54.233933,-10.1429,Belmullet Wave Buoy Berth B,2.89,8.83,1.1281,7.11,1
1,2010-01-08T00:30:00Z,54.233933,-10.1429,Belmullet Wave Buoy Berth B,2.84,8.45,1.0974,7.14,1
1,2010-01-08T01:00:00Z,54.233933,-10.1429,Belmullet Wave Buoy Berth B,3.71,9.14,1.1185,7.35,1
1,2010-01-08T01:30:00Z,54.233933,-10.1429,Belmullet Wave Buoy Berth B,3.09,9.49,1.0547,7.09,1
1,2010-01-08T02:00:00Z,54.233933,-10.1429,Belmullet Wave Buoy Berth B,3.1,7.45,1.1508,7.56,1
1,2010-01-08T02:30:00Z,54.233933,-10.1429,Belmullet Wave Buoy Berth B,3.13,9.21,1.1915,7.59,1
1,2010-01-08T03:00:00Z,54.233933,-10.1429,Belmullet Wave Buoy Berth B,2.78,8.06,1.1173,7.74,1
1,2010-01-08T03:30:00Z,54.233933,-10.1429,Belmullet Wave Buoy Berth B,2.62,10.4,1.0401,7.52,1
1,2010-01-08T04:00:00Z,54.233933,-10.1429,Belmullet Wave Buoy Berth B,2.97,8.83,1.1236,7.5,1
1,2010-01-08T04:30:00Z,54.233933,-10.1429,Belmullet Wave Buoy Berth B,2.35,10,1.0186,7.36,1
1,2010-01-08T05:00:00Z,54.233933,-10.1429,Belmullet Wave Buoy Berth B,2.8,12.13,1.0241,7.4,1
1,2010-01-08T05:30:00Z,54.233933,-10.1429,Belmullet Wave Buoy Berth B,2.75,9.09,0.9405,7.25,1
1,2010-01-08T06:00:00Z,54.233933,-10.1429,Belmullet Wave Buoy Berth B,2.78,13.59,1.0287,7.5,1
1,2010-01-08T06:30:00Z,54.233933,-10.1429,Belmullet Wave Buoy Berth B,3.06,10.29,1.1083,7.57,1
1,2010-01-08T07:00:00Z,54.233933,-10.1429,Belmullet Wave Buoy Berth B,2.78,9.24,1.0686,7.28,1
1,2010-01-08T07:30:00Z,54.233933,-10.1429,Belmullet Wave Buoy Berth B,2.98,9.46,0.98,7.27,1
1,2010-01-08T08:00:00Z,54.233933,-10.1429,Belmullet Wave Buoy Berth B,2.56,8.68,0.9858,7.55,1
1,2010-01-08T08:30:00Z,54.233933,-10.1429,Belmullet Wave Buoy Berth B,2.41,16.05,1.0354,7.78,1
1,2010-01-08T09:00:00Z,54.233933,-10.1429,Belmullet Wave Buoy Berth B,2.64,8.96,1.0948,7.76,1
1,2010-01-08T09:30:00Z,54.233933,-10.1429,Belmullet Wave Buoy Berth B,2.93,10.41,0.9481,7.18,1
1,2010-01-08T10:00:00Z,54.233933,-10.1429,Belmullet Wave Buoy Berth B,2.39,9.13,0.9539,7.38,1
1,2010-01-08T10:30:00Z,54.233933,-10.1429,Belmullet Wave Buoy Berth B,2.44,8.29,1.0051,7.76,1
1,2010-01-08T11:00:00Z,54.233933,-10.1429,Belmullet Wave Buoy Berth B,2.76,11.12,0.9258,7.87,1
1,2010-01-08T11:30:00Z,54.233933,-10.1429,Belmullet Wave Buoy Berth B,2.9,10.53,0.9933,8.01,1
1,2010-01-08T12:00:00Z,54.233933,-10.1429,Belmullet Wave Buoy Berth B,2.55,9.17,0.9964,8.1,1
1,2010-01-08T12:30:00Z,54.233933,-10.1429,Belmullet Wave Buoy Berth B,2.25,8.33,0.9508,7.98,1
1,2010-01-08T13:00:00Z,54.233933,-10.1429,Belmullet Wave Buoy Berth B,2.95,11.39,0.9067,7.79,1
1,2010-01-08T13:30:00Z,54.233933,-10.1429,Belmullet Wave Buoy Berth B,1.98,7.78,0.9084,7.75,1
1,2010-01-08T14:00:00Z,54.233933,-10.1429,Belmullet Wave Buoy Berth B,2.72,9.99,0.9308,7.86,1
1,2010-01-08T14:30:00Z,54.233933,-10.1429,Belmullet Wave Buoy Berth B,2.52,11.23,0.8458,8.03,1
1,2010-01-08T15:00:00Z,54.233933,-10.1429,Belmullet Wave Buoy Berth B,2.64,8.71,0.9136,7.87,1
1,2010-01-08T15:30:00Z,54.233933,-10.1429,Belmullet Wave Buoy Berth B,2.09,13.54,0.8649,8.02,1
1,2010-01-08T16:00:00Z,54.233933,-10.1429,Belmullet Wave Buoy Berth B,2.37,8.86,0.8957,8.1,1
1,2010-01-08T16:30:00Z,54.233933,-10.1429,Belmullet Wave Buoy Berth B,2.31,10.03,0.8861,8.05,1
1,2010-01-08T17:00:00Z,54.233933,-10.1429,Belmullet Wave Buoy Berth B,2.47,11.65,0.8439,8.02,1
1,2010-01-08T17:30:00Z,54.233933,-10.1429,Belmullet Wave Buoy Berth B,2.81,12.97,0.8886,8.6,1
1,2010-01-08T18:00:00Z,54.233933,-10.1429,Belmullet Wave Buoy Berth B,2.32,12.78,0.8738,8.02,1
1,2010-01-08T18:30:00Z,54.233933,-10.1429,Belmullet Wave Buoy Berth B,2.19,10.38,0.8105,8.18,1
1,2010-01-08T19:00:00Z,54.233933,-10.1429,Belmullet Wave Buoy Berth B,2.2,13.55,0.7888,8.04,1
1,2010-01-08T19:30:00Z,54.233933,-10.1429,Belmullet Wave Buoy Berth B,2.25,14.13,0.8091,8.07,1
1,2010-01-08T20:00:00Z,54.233933,-10.1429,Belmullet Wave Buoy Berth B,2.15,11.62,0.7838,8.1,1
1,2010-01-08T20:30:00Z,54.233933,-10.1429,Belmullet Wave Buoy Berth B,2.6,10.12,0.9137,9.09,1
1,2010-01-08T21:00:00Z,54.233933,-10.1429,Belmullet Wave Buoy Berth B,2.06,11.37,0.7784,8.2,1
1,2010-01-08T21:30:00Z,54.233933,-10.1429,Belmullet Wave Buoy Berth B,2.02,9.2,0.7761,8.35,1
1,2010-01-08T22:00:00Z,54.233933,-10.1429,Belmullet Wave Buoy Berth B,2.14,12.6,0.8149,8.49,1
1,2010-01-08T22:30:00Z,54.233933,-10.1429,Belmullet Wave Buoy Berth B,1.9,10.35,0.7776,8.2,1
1,2010-01-08T23:00:00Z,54.233933,-10.1429,Belmullet Wave Buoy Berth B,1.87,9.42,0.7415,7.93,1
1,2010-01-08T23:30:00Z,54.233933,-10.1429,Belmullet Wave Buoy Berth B,2.23,10.69,0.7925,8.22,1
1,2010-01-09T00:00:00Z,54.233933,-10.1429,Belmullet Wave Buoy Berth B,1.98,13.15,0.8475,8.95,1
1,2010-01-09T00:30:00Z,54.233933,-10.1429,Belmullet Wave Buoy Berth B,1.8,9.91,0.7843,8.37,1
1,2010-01-09T01:00:00Z,54.233933,-10.1429,Belmullet Wave Buoy Berth B,2.22,9,0.7665,8.34,1
1,2010-01-09T01:30:00Z,54.233933,-10.1429,Belmullet Wave Buoy Berth B,1.95,9.75,0.8077,8.43,1
1,2010-01-09T02:00:00Z,54.233933,-10.1429,Belmullet Wave Buoy Berth B,1.78,8.92,0.7419,8.37,1
1,2010-01-09T02:30:00Z,54.233933,-10.1429,Belmullet Wave Buoy Berth B,1.85,8.85,0.7354,8.18,1
1,2010-01-09T03:00:00Z,54.233933,-10.1429,Belmullet Wave Buoy Berth B,1.79,10.85,0.7293,8.34,1
1,2010-01-09T03:30:00Z,54.233933,-10.1429,Belmullet Wave Buoy Berth B,2.21,9.03,0.822,8.77,1
1,2010-01-09T04:00:00Z,54.233933,-10.1429,Belmullet Wave Buoy Berth B,1.83,9.98,0.7153,8.35,1
1,2010-01-09T04:30:00Z,54.233933,-10.1429,Belmullet Wave Buoy Berth B,1.73,11,0.7642,8.94,1
1,2010-01-09T05:00:00Z,54.233933,-10.1429,Belmullet Wave Buoy Berth B,1.75,10,0.6888,8.3,1
1,2010-01-09T05:30:00Z,54.233933,-10.1429,Belmullet Wave Buoy Berth B,2.08,9.49,0.6516,7.89,1
1,2010-01-09T06:00:00Z,54.233933,-10.1429,Belmullet Wave Buoy Berth B,1.56,11.51,0.6747,8.17,1
1,2010-01-09T06:30:00Z,54.233933,-10.1429,Belmullet Wave Buoy Berth B,1.53,11.51,0.5901,7.67,1
1,2010-01-09T07:00:00Z,54.233933,-10.1429,Belmullet Wave Buoy Berth B,1.99,11.21,0.5921,7.64,1
1,2010-01-09T07:30:00Z,54.233933,-10.1429,Belmullet Wave Buoy Berth B,1.62,9.05,0.6188,7.6,1
1,2010-01-09T08:00:00Z,54.233933,-10.1429,Belmullet Wave Buoy Berth B,1.51,10.52,0.6409,7.94,1
1,2010-01-09T08:30:00Z,54.233933,-10.1429,Belmullet Wave Buoy Berth B,1.59,10.46,0.6415,8.12,1
1,2010-01-09T09:00:00Z,54.233933,-10.1429,Belmullet Wave Buoy Berth B,1.79,9.62,0.5893,7.71,1
1,2010-01-09T09:30:00Z,54.233933,-10.1429,Belmullet Wave Buoy Berth B,1.41,12.93,0.5714,8.04,1
1,2010-01-09T10:00:00Z,54.233933,-10.1429,Belmullet Wave Buoy Berth B,1.52,14.5,0.6272,8.06,1
1,2010-01-09T10:30:00Z,54.233933,-10.1429,Belmullet Wave Buoy Berth B,1.53,10.1,0.5421,7.32,1
1,2010-01-09T11:00:00Z,54.233933,-10.1429,Belmullet Wave Buoy Berth B,1.46,10.33,0.5567,7.92,1
1,2010-01-09T11:30:00Z,54.233933,-10.1429,Belmullet Wave Buoy Berth B,1.5,12.92,0.6653,8.87,1
1,2010-01-09T12:00:00Z,54.233933,-10.1429,Belmullet Wave Buoy Berth B,1.45,10.82,0.598,8.21,1
1,2010-01-09T12:30:00Z,54.233933,-10.1429,Belmullet Wave Buoy Berth B,1.8,10.3,0.5977,8.09,1
1,2010-01-09T13:00:00Z,54.233933,-10.1429,Belmullet Wave Buoy Berth B,1.34,11.38,0.5622,8.21,1
1,2010-01-09T13:30:00Z,54.233933,-10.1429,Belmullet Wave Buoy Berth B,1.68,11.8,0.5844,8.56,1
1,2010-01-09T14:00:00Z,54.233933,-10.1429,Belmullet Wave Buoy Berth B,1.82,10.77,0.5765,8.52,1
1,2010-01-09T14:30:00Z,54.233933,-10.1429,Belmullet Wave Buoy Berth B,1.46,10.8,0.5269,8.11,1
1,2010-01-09T15:00:00Z,54.233933,-10.1429,Belmullet Wave Buoy Berth B,1.41,10.09,0.5755,8.06,1
1,2010-01-09T15:30:00Z,54.233933,-10.1429,Belmullet Wave Buoy Berth B,1.31,10.87,0.5342,8.04,1
1,2010-01-09T16:00:00Z,54.233933,-10.1429,Belmullet Wave Buoy Berth B,1.92,11.67,0.5507,8.12,1
1,2010-01-09T16:30:00Z,54.233933,-10.1429,Belmullet Wave Buoy Berth B,1.6,12.53,0.5909,8.68,1
1,2010-01-09T17:00:00Z,54.233933,-10.1429,Belmullet Wave Buoy Berth B,1.76,12.04,0.613,8.66,1
1,2010-01-09T17:30:00Z,54.233933,-10.1429,Belmullet Wave Buoy Berth B,1.57,10.52,0.5987,8.6,1
1,2010-01-09T18:00:00Z,54.233933,-10.1429,Belmullet Wave Buoy Berth B,1.68,11.3,0.6318,8.18,1
1,2010-01-09T18:30:00Z,54.233933,-10.1429,Belmullet Wave Buoy Berth B,1.41,10.24,0.5456,6.7,1
1,2010-01-09T19:00:00Z,54.233933,-10.1429,Belmullet Wave Buoy Berth B,1.78,11.58,0.5652,6.88,1
1,2010-01-09T19:30:00Z,54.233933,-10.1429,Belmullet Wave Buoy Berth B,1.66,11.11,0.607,7.84,1
1,2010-01-09T20:00:00Z,54.233933,-10.1429,Belmullet Wave Buoy Berth B,1.83,12,0.5501,6.65,1
1,2010-01-09T20:30:00Z,54.233933,-10.1429,Belmullet Wave Buoy Berth B,1.41,11.72,0.5774,7.56,1
1,2010-01-09T21:00:00Z,54.233933,-10.1429,Belmullet Wave Buoy Berth B,2.01,12.8,0.6068,7.81,1
1,2010-01-09T21:30:00Z,54.233933,-10.1429,Belmullet Wave Buoy Berth B,2,12.61,0.5918,8.13,1
1,2010-01-09T22:00:00Z,54.233933,-10.1429,Belmullet Wave Buoy Berth B,1.68,9.91,0.6386,8.17,1
1,2010-01-09T22:30:00Z,54.233933,-10.1429,Belmullet Wave Buoy Berth B,1.85,11.85,0.6862,7.92,1
1,2010-01-09T23:00:00Z,54.233933,-10.1429,Belmullet Wave Buoy Berth B,1.75,12.06,0.6754,7.91,1
1,2010-01-09T23:30:00Z,54.233933,-10.1429,Belmullet Wave Buoy Berth B,2.08,11.93,0.6384,7.55,1
1,2010-01-10T00:00:00Z,54.233933,-10.1429,Belmullet Wave Buoy Berth B,1.74,12.46,0.65,7.49,1
1,2010-01-10T00:30:00Z,54.233933,-10.1429,Belmullet Wave Buoy Berth B,1.95,11.4,0.6517,7.73,1
1,2010-01-10T01:00:00Z,54.233933,-10.1429,Belmullet Wave Buoy Berth B,2.11,11.76,0.6702,7.42,1
1,2010-01-10T01:30:00Z,54.233933,-10.1429,Belmullet Wave Buoy Berth B,1.8,11.05,0.6901,8.14,1
1,2010-01-10T02:00:00Z,54.233933,-10.1429,Belmullet Wave Buoy Berth B,2.25,11.44,0.6242,7.64,1
1,2010-01-10T02:30:00Z,54.233933,-10.1429,Belmullet Wave Buoy Berth B,1.64,12.01,0.6064,7.47,1
1,2010-01-10T03:00:00Z,54.233933,-10.1429,Belmullet Wave Buoy Berth B,1.53,9.77,0.6423,7.75,1
1,2010-01-10T03:30:00Z,54.233933,-10.1429,Belmullet Wave Buoy Berth B,1.81,10.72,0.6665,7.75,1
1,2010-01-10T04:00:00Z,54.233933,-10.1429,Belmullet Wave Buoy Berth B,1.79,11.25,0.6458,7.4,1
1,2010-01-10T04:30:00Z,54.233933,-10.1429,Belmullet Wave Buoy Berth B,2.09,11.42,0.7363,8.35,1
1,2010-01-10T05:00:00Z,54.233933,-10.1429,Belmullet Wave Buoy Berth B,1.67,10.58,0.7152,8.27,1
1,2010-01-10T05:30:00Z,54.233933,-10.1429,Belmullet Wave Buoy Berth B,2,11.86,0.7013,7.95,1
1,2010-01-10T06:00:00Z,54.233933,-10.1429,Belmullet Wave Buoy Berth B,2.19,11.15,0.6629,7.38,1
1,2010-01-10T06:30:00Z,54.233933,-10.1429,Belmullet Wave Buoy Berth B,1.67,10.22,0.6099,7.25,1
1,2010-01-10T07:00:00Z,54.233933,-10.1429,Belmullet Wave Buoy Berth B,2.13,10.58,0.7375,8.34,1
1,2010-01-10T07:30:00Z,54.233933,-10.1429,Belmullet Wave Buoy Berth B,2.39,10.98,0.6675,7.36,1
1,2010-01-10T08:00:00Z,54.233933,-10.1429,Belmullet Wave Buoy Berth B,1.93,11.2,0.5894,6.76,1
1,2010-01-10T08:30:00Z,54.233933,-10.1429,Belmullet Wave Buoy Berth B,2.35,11.06,0.6119,6.94,1
1,2010-01-10T09:00:00Z,54.233933,-10.1429,Belmullet Wave Buoy Berth B,2.32,11.07,0.5896,6.51,1
1,2010-01-10T09:30:00Z,54.233933,-10.1429,Belmullet Wave Buoy Berth B,2.12,12.41,0.6054,6.72,1
1,2010-01-10T10:00:00Z,54.233933,-10.1429,Belmullet Wave Buoy Berth B,1.66,10.83,0.6148,6.87,1
1,2010-01-10T10:30:00Z,54.233933,-10.1429,Belmullet Wave Buoy Berth B,1.96,11.47,0.6048,6.51,1
1,2010-01-10T11:00:00Z,54.233933,-10.1429,Belmullet Wave Buoy Berth B,1.85,10.36,0.629,5.86,1
1,2010-01-10T11:30:00Z,54.233933,-10.1429,Belmullet Wave Buoy Berth B,1.82,12.25,0.5655,5.11,1
1,2010-01-10T12:00:00Z,54.233933,-10.1429,Belmullet Wave Buoy Berth B,1.74,10.85,0.6222,5.79,1
1,2010-01-10T12:30:00Z,54.233933,-10.1429,Belmullet Wave Buoy Berth B,2.1,11.6,0.6156,5.4,1
1,2010-01-10T13:00:00Z,54.233933,-10.1429,Belmullet Wave Buoy Berth B,1.86,10.28,0.6212,5.49,1
1,2010-01-10T13:30:00Z,54.233933,-10.1429,Belmullet Wave Buoy Berth B,2.05,12.22,0.6151,5.4,1
1,2010-01-10T14:00:00Z,54.233933,-10.1429,Belmullet Wave Buoy Berth B,1.67,7.67,0.5732,5.17,1
1,2010-01-10T14:30:00Z,54.233933,-10.1429,Belmullet Wave Buoy Berth B,1.67,10.35,0.6616,5.63,1
1,2010-01-10T15:00:00Z,54.233933,-10.1429,Belmullet Wave Buoy Berth B,1.84,10.22,0.6209,5.04,1
1,2010-01-10T15:30:00Z,54.233933,-10.1429,Belmullet Wave Buoy Berth B,1.83,9.48,0.6444,5.22,1
1,2010-01-10T16:00:00Z,54.233933,-10.1429,Belmullet Wave Buoy Berth B,2.21,12.46,0.7712,5.86,1
1,2010-01-10T16:30:00Z,54.233933,-10.1429,Belmullet Wave Buoy Berth B,2.23,8.22,0.7728,5.83,1
1,2010-01-10T17:00:00Z,54.233933,-10.1429,Belmullet Wave Buoy Berth B,1.8,8.16,0.7371,5.37,1
1,2010-01-10T17:30:00Z,54.233933,-10.1429,Belmullet Wave Buoy Berth B,2.09,11.83,0.8196,6.35,1
1,2010-01-10T18:00:00Z,54.233933,-10.1429,Belmullet Wave Buoy Berth B,2.22,8.53,0.7709,5.58,1
1,2010-01-10T18:30:00Z,54.233933,-10.1429,Belmullet Wave Buoy Berth B,2.21,7.31,0.8303,5.86,1
1,2010-01-10T19:00:00Z,54.233933,-10.1429,Belmullet Wave Buoy Berth B,2.52,8.86,0.8269,5.85,1
1,2010-01-10T19:30:00Z,54.233933,-10.1429,Belmullet Wave Buoy Berth B,2.44,8.65,0.8548,5.71,1
1,2010-01-10T20:00:00Z,54.233933,-10.1429,Belmullet Wave Buoy Berth B,2.61,8.84,0.8646,6.07,1
1,2010-01-10T20:30:00Z,54.233933,-10.1429,Belmullet Wave Buoy Berth B,2.5,7.52,0.8856,6.3,1
1,2010-01-10T21:00:00Z,54.233933,-10.1429,Belmullet Wave Buoy Berth B,2.21,9.21,0.9001,6.03,1
1,2010-01-10T21:30:00Z,54.233933,-10.1429,Belmullet Wave Buoy Berth B,2.33,11.63,0.8713,5.85,1
1,2010-01-10T22:00:00Z,54.233933,-10.1429,Belmullet Wave Buoy Berth B,2.54,10.6,0.8626,5.9,1
1,2010-01-10T22:30:00Z,54.233933,-10.1429,Belmullet Wave Buoy Berth B,2.16,10.65,0.9107,6.14,1
1,2010-01-10T23:00:00Z,54.233933,-10.1429,Belmullet Wave Buoy Berth B,2.55,8.35,0.9042,5.87,1
1,2010-01-10T23:30:00Z,54.233933,-10.1429,Belmullet Wave Buoy Berth B,2.83,11.44,1.0151,6.25,1
1,2010-01-11T00:00:00Z,54.233933,-10.1429,Belmullet Wave Buoy Berth B,2.76,9.34,0.9827,6.22,1
1,2010-01-11T00:30:00Z,54.233933,-10.1429,Belmullet Wave Buoy Berth B,2.28,10.53,0.9088,6.34,1
1,2010-01-11T01:00:00Z,54.233933,-10.1429,Belmullet Wave Buoy Berth B,2.4,8.27,0.9055,6.6,1
1,2010-01-11T01:30:00Z,54.233933,-10.1429,Belmullet Wave Buoy Berth B,2.46,9.63,0.9099,6.33,1
1,2010-01-11T02:00:00Z,54.233933,-10.1429,Belmullet Wave Buoy Berth B,2.79,8.08,0.8817,5.81,1
1,2010-01-11T02:30:00Z,54.233933,-10.1429,Belmullet Wave Buoy Berth B,2.57,8.08,0.9825,6.35,1
1,2010-01-11T03:00:00Z,54.233933,-10.1429,Belmullet Wave Buoy Berth B,2.56,10.68,1.0274,6.48,1
1,2010-01-11T03:30:00Z,54.233933,-10.1429,Belmullet Wave Buoy Berth B,2.76,8.78,1.0187,6.45,1
1,2010-01-11T04:00:00Z,54.233933,-10.1429,Belmullet Wave Buoy Berth B,3.05,8.69,0.9841,6.3,1
1,2010-01-11T04:30:00Z,54.233933,-10.1429,Belmullet Wave Buoy Berth B,2.81,7.08,0.878,6.31,1
1,2010-01-11T05:00:00Z,54.233933,-10.1429,Belmullet Wave Buoy Berth B,2.16,8.72,0.856,6.4,1
1,2010-01-11T05:30:00Z,54.233933,-10.1429,Belmullet Wave Buoy Berth B,2.41,9.19,0.8838,6.8,1
1,2010-01-11T06:00:00Z,54.233933,-10.1429,Belmullet Wave Buoy Berth B,2.24,9.18,0.8977,6.91,1
1,2010-01-11T06:30:00Z,54.233933,-10.1429,Belmullet Wave Buoy Berth B,2.29,8.25,0.8128,6.38,1
1,2010-01-11T07:00:00Z,54.233933,-10.1429,Belmullet Wave Buoy Berth B,2.27,9.35,0.7853,6.72,1
1,2010-01-11T07:30:00Z,54.233933,-10.1429,Belmullet Wave Buoy Berth B,2.05,11.24,0.7494,6.54,1
1,2010-01-11T08:00:00Z,54.233933,-10.1429,Belmullet Wave Buoy Berth B,2.06,11.16,0.7381,6.5,1
1,2010-01-11T08:30:00Z,54.233933,-10.1429,Belmullet Wave Buoy Berth B,2.05,10.67,0.8038,6.78,1
1,2010-01-11T09:00:00Z,54.233933,-10.1429,Belmullet Wave Buoy Berth B,2.48,9.39,0.7773,6.66,1
1,2010-01-11T09:30:00Z,54.233933,-10.1429,Belmullet Wave Buoy Berth B,2.27,10.66,0.7734,6.45,1
1,2010-01-11T10:00:00Z,54.233933,-10.1429,Belmullet Wave Buoy Berth B,2.18,9.35,0.7949,6.53,1
1,2010-01-11T10:30:00Z,54.233933,-10.1429,Belmullet Wave Buoy Berth B,2.16,11.59,0.7738,7.16,1
1,2010-01-11T11:00:00Z,54.233933,-10.1429,Belmullet Wave Buoy Berth B,2.29,9.97,0.7673,6.9,1
1,2010-01-11T11:30:00Z,54.233933,-10.1429,Belmullet Wave Buoy Berth B,1.93,11.51,0.6865,6.7,1
1,2010-01-11T12:00:00Z,54.233933,-10.1429,Belmullet Wave Buoy Berth B,1.91,11.68,0.726,7.05,1
1,2010-01-11T12:30:00Z,54.233933,-10.1429,Belmullet Wave Buoy Berth B,2.68,11.38,0.6674,6.91,1
1,2010-01-11T13:00:00Z,54.233933,-10.1429,Belmullet Wave Buoy Berth B,2.05,10.84,0.7035,6.57,1
1,2010-01-11T13:30:00Z,54.233933,-10.1429,Belmullet Wave Buoy Berth B,1.97,12.06,0.7545,6.75,1
1,2010-01-11T14:00:00Z,54.233933,-10.1429,Belmullet Wave Buoy Berth B,2.05,10.43,0.7338,6.79,1
1,2010-01-11T14:30:00Z,54.233933,-10.1429,Belmullet Wave Buoy Berth B,2.03,11.91,0.7598,7.22,1
1,2010-01-11T15:00:00Z,54.233933,-10.1429,Belmullet Wave Buoy Berth B,2.29,10.63,0.7258,6.37,1
1,2010-01-11T15:30:00Z,54.233933,-10.1429,Belmullet Wave Buoy Berth B,2.57,9.86,0.7657,6.56,1
1,2010-01-11T16:00:00Z,54.233933,-10.1429,Belmullet Wave Buoy Berth B,3.38,11.46,0.8376,6.6,1
1,2010-01-11T16:30:00Z,54.233933,-10.1429,Belmullet Wave Buoy Berth B,2.45,10.64,0.8226,6.45,1
1,2010-01-11T17:00:00Z,54.233933,-10.1429,Belmullet Wave Buoy Berth B,2.2,11.26,0.8758,7.04,1
1,2010-01-11T17:30:00Z,54.233933,-10.1429,Belmullet Wave Buoy Berth B,2.75,10.98,0.8616,6.56,1
1,2010-01-11T18:00:00Z,54.233933,-10.1429,Belmullet Wave Buoy Berth B,2.3,12,0.829,6.58,1
1,2010-01-11T18:30:00Z,54.233933,-10.1429,Belmullet Wave Buoy Berth B,2.43,12.12,0.8261,6.57,1
1,2010-01-11T19:00:00Z,54.233933,-10.1429,Belmullet Wave Buoy Berth B,2.04,10.7,0.7692,6.75,1
1,2010-01-11T19:30:00Z,54.233933,-10.1429,Belmullet Wave Buoy Berth B,2.76,10.92,0.8266,7.32,1
1,2010-01-11T20:00:00Z,54.233933,-10.1429,Belmullet Wave Buoy Berth B,2.3,12.86,0.8374,7.09,1
1,2010-01-11T20:30:00Z,54.233933,-10.1429,Belmullet Wave Buoy Berth B,2.78,11.52,0.8227,7.04,1
1,2010-01-11T21:00:00Z,54.233933,-10.1429,Belmullet Wave Buoy Berth B,2.43,10.7,0.7485,6.48,1
1,2010-01-11T21:30:00Z,54.233933,-10.1429,Belmullet Wave Buoy Berth B,2.14,11.12,0.7521,6.79,1
1,2010-01-11T22:00:00Z,54.233933,-10.1429,Belmullet Wave Buoy Berth B,2.36,12.06,0.7089,6.51,1
1,2010-01-11T22:30:00Z,54.233933,-10.1429,Belmullet Wave Buoy Berth B,2.02,12.84,0.6765,6.28,1
1,2010-01-11T23:00:00Z,54.233933,-10.1429,Belmullet Wave Buoy Berth B,2.25,13.74,0.7689,6.68,1
1,2010-01-11T23:30:00Z,54.233933,-10.1429,Belmullet Wave Buoy Berth B,2.02,12.5,0.6507,6.27,1
1,2010-01-12T00:00:00Z,54.233933,-10.1429,Belmullet Wave Buoy Berth B,1.88,11.86,0.7777,7.26,1
1,2010-01-12T00:30:00Z,54.233933,-10.1429,Belmullet Wave Buoy Berth B,1.96,10.3,0.6609,6.13,1
1,2010-01-12T01:00:00Z,54.233933,-10.1429,Belmullet Wave Buoy Berth B,2.03,12.88,0.7056,6.26,1
1,2010-01-12T01:30:00Z,54.233933,-10.1429,Belmullet Wave Buoy Berth B,2.41,11.7,0.6941,5.91,1
1,2010-01-12T02:00:00Z,54.233933,-10.1429,Belmullet Wave Buoy Berth B,1.65,10.51,0.6558,5.39,1
1,2010-01-12T02:30:00Z,54.233933,-10.1429,Belmullet Wave Buoy Berth B,2.15,9.88,0.7201,5.35,1
1,2010-01-12T03:00:00Z,54.233933,-10.1429,Belmullet Wave Buoy Berth B,2.44,10.23,0.7532,4.95,1
1,2010-01-12T03:30:00Z,54.233933,-10.1429,Belmullet Wave Buoy Berth B,2.12,10.87,0.6917,5.33,1
1,2010-01-12T04:00:00Z,54.233933,-10.1429,Belmullet Wave Buoy Berth B,1.94,12.16,0.7109,5.28,1
1,2010-01-12T04:30:00Z,54.233933,-10.1429,Belmullet Wave Buoy Berth B,2.22,8.24,0.7132,4.48,1
1,2010-01-12T05:00:00Z,54.233933,-10.1429,Belmullet Wave Buoy Berth B,2.01,10.04,0.745,5.11,1
1,2010-01-12T05:30:00Z,54.233933,-10.1429,Belmullet Wave Buoy Berth B,1.93,11.3,0.693,4.98,1
1,2010-01-12T06:00:00Z,54.233933,-10.1429,Belmullet Wave Buoy Berth B,2.02,8.89,0.7201,4.73,1
1,2010-01-12T06:30:00Z,54.233933,-10.1429,Belmullet Wave Buoy Berth B,2.02,9.41,0.7354,4.58,1
1,2010-01-12T07:00:00Z,54.233933,-10.1429,Belmullet Wave Buoy Berth B,1.97,11.41,0.7957,4.75,1
1,2010-01-12T07:30:00Z,54.233933,-10.1429,Belmullet Wave Buoy Berth B,2.23,10.54,0.7983,4.42,1
1,2010-01-12T08:00:00Z,54.233933,-10.1429,Belmullet Wave Buoy Berth B,2.38,13.87,0.9316,4.95,1
1,2010-01-12T08:30:00Z,54.233933,-10.1429,Belmullet Wave Buoy Berth B,2.39,10.8,0.9456,4.78,1
1,2010-01-12T09:00:00Z,54.233933,-10.1429,Belmullet Wave Buoy Berth B,2.87,10.68,0.9224,4.9,1
1,2010-01-12T09:30:00Z,54.233933,-10.1429,Belmullet Wave Buoy Berth B,2.37,9.16,0.9246,4.73,1
1,2010-01-12T10:00:00Z,54.233933,-10.1429,Belmullet Wave Buoy Berth B,2.8,10.67,1.0196,5.26,1
1,2010-01-12T10:30:00Z,54.233933,-10.1429,Belmullet Wave Buoy Berth B,3.1,11.06,0.9537,4.99,1
1,2010-01-12T11:00:00Z,54.233933,-10.1429,Belmullet Wave Buoy Berth B,3.04,12.16,1.0575,5.51,1
1,2010-01-12T11:30:00Z,54.233933,-10.1429,Belmullet Wave Buoy Berth B,3.15,11.95,1.0606,5.6,1
1,2010-01-12T12:00:00Z,54.233933,-10.1429,Belmullet Wave Buoy Berth B,3.01,15.43,1.1368,6.48,1
1,2010-01-12T12:30:00Z,54.233933,-10.1429,Belmullet Wave Buoy Berth B,3.38,13.36,1.299,6.54,1
1,2010-01-12T13:00:00Z,54.233933,-10.1429,Belmullet Wave Buoy Berth B,3.38,16.23,1.242,6.4,1
1,2010-01-12T13:30:00Z,54.233933,-10.1429,Belmullet Wave Buoy Berth B,3.23,14.17,1.3413,6.81,1
1,2010-01-12T14:00:00Z,54.233933,-10.1429,Belmullet Wave Buoy Berth B,3.12,12.05,1.261,6.3,1
1,2010-01-12T14:30:00Z,54.233933,-10.1429,Belmullet Wave Buoy Berth B,3.6,13.56,1.264,6.34,1
1,2010-01-12T15:00:00Z,54.233933,-10.1429,Belmullet Wave Buoy Berth B,4.06,10.51,1.3196,6.31,1
1,2010-01-12T15:30:00Z,54.233933,-10.1429,Belmullet Wave Buoy Berth B,3.85,10.89,1.2002,6.02,1
1,2010-01-12T16:00:00Z,54.233933,-10.1429,Belmullet Wave Buoy Berth B,3.69,14.48,1.2172,6.28,1
1,2010-01-12T16:30:00Z,54.233933,-10.1429,Belmullet Wave Buoy Berth B,4.11,11.9,1.3106,6.88,1
1,2010-01-12T17:00:00Z,54.233933,-10.1429,Belmullet Wave Buoy Berth B,4.42,13.04,1.2186,6.1,1
1,2010-01-12T17:30:00Z,54.233933,-10.1429,Belmullet Wave Buoy Berth B,2.87,12.03,1.1702,6.15,1
1,2010-01-12T18:00:00Z,54.233933,-10.1429,Belmullet Wave Buoy Berth B,3.91,12.59,1.2367,6.63,1
1,2010-01-12T18:30:00Z,54.233933,-10.1429,Belmullet Wave Buoy Berth B,3.5,14.93,1.2074,6.46,1
1,2010-01-12T19:00:00Z,54.233933,-10.1429,Belmullet Wave Buoy Berth B,4.25,14.69,1.3719,7.38,1
1,2010-01-12T19:30:00Z,54.233933,-10.1429,Belmullet Wave Buoy Berth B,3.11,14.79,1.1506,6.05,1
1,2010-01-12T20:00:00Z,54.233933,-10.1429,Belmullet Wave Buoy Berth B,3.54,11.8,1.2111,6.83,1
1,2010-01-12T20:30:00Z,54.233933,-10.1429,Belmullet Wave Buoy Berth B,4.25,13.43,1.2468,6.94,1
1,2010-01-12T21:00:00Z,54.233933,-10.1429,Belmullet Wave Buoy Berth B,3.29,12.4,1.2245,7.06,1
1,2010-01-12T21:30:00Z,54.233933,-10.1429,Belmullet Wave Buoy Berth B,3.52,15.18,1.2344,6.69,1
1,2010-01-12T22:00:00Z,54.233933,-10.1429,Belmullet Wave Buoy Berth B,3.91,15.24,1.2434,6.99,1
1,2010-01-12T22:30:00Z,54.233933,-10.1429,Belmullet Wave Buoy Berth B,3.45,12.35,1.1473,6.72,1
1,2010-01-12T23:00:00Z,54.233933,-10.1429,Belmullet Wave Buoy Berth B,4.2,12.5,1.2341,7.16,1
1,2010-01-12T23:30:00Z,54.233933,-10.1429,Belmullet Wave Buoy Berth B,3.38,12.9,1.2867,7.48,1
1,2010-01-13T00:00:00Z,54.233933,-10.1429,Belmullet Wave Buoy Berth B,3.93,14.06,1.4863,8.59,1
1,2010-01-13T00:30:00Z,54.233933,-10.1429,Belmullet Wave Buoy Berth B,3.69,14.72,1.3722,8.16,1
1,2010-01-13T01:00:00Z,54.233933,-10.1429,Belmullet Wave Buoy Berth B,3.7,14.11,1.395,8.16,1
1,2010-01-13T01:30:00Z,54.233933,-10.1429,Belmullet Wave Buoy Berth B,4.33,13.59,1.4876,8.8,1
1,2010-01-13T02:00:00Z,54.233933,-10.1429,Belmullet Wave Buoy Berth B,3.58,14.55,1.3854,8.21,1
1,2010-01-13T02:30:00Z,54.233933,-10.1429,Belmullet Wave Buoy Berth B,4.13,10.7,1.5838,8.66,1
1,2010-01-13T03:00:00Z,54.233933,-10.1429,Belmullet Wave Buoy Berth B,4.5,12.41,1.6084,8.87,1
1,2010-01-13T03:30:00Z,54.233933,-10.1429,Belmullet Wave Buoy Berth B,4.42,10.3,1.7873,9.28,1
1,2010-01-13T04:00:00Z,54.233933,-10.1429,Belmullet Wave Buoy Berth B,5.04,12.62,1.8168,8.59,1
1,2010-01-13T04:30:00Z,54.233933,-10.1429,Belmullet Wave Buoy Berth B,4.92,13.35,1.9247,8.81,1
1,2010-01-13T05:00:00Z,54.233933,-10.1429,Belmullet Wave Buoy Berth B,6.06,11.18,2.0651,8.85,1
1,2010-01-13T05:30:00Z,54.233933,-10.1429,Belmullet Wave Buoy Berth B,5.68,13.12,1.9506,8.5,1
1,2010-01-13T06:00:00Z,54.233933,-10.1429,Belmullet Wave Buoy Berth B,5.54,10.38,1.9506,8.45,1
1,2010-01-13T06:30:00Z,54.233933,-10.1429,Belmullet Wave Buoy Berth B,5.03,12.43,1.9399,8.65,1
1,2010-01-13T07:00:00Z,54.233933,-10.1429,Belmullet Wave Buoy Berth B,5.24,12.09,2.0922,9.95,1
1,2010-01-13T07:30:00Z,54.233933,-10.1429,Belmullet Wave Buoy Berth B,7.44,11.79,2.0071,9,1
1,2010-01-13T08:00:00Z,54.233933,-10.1429,Belmullet Wave Buoy Berth B,6.11,11.7,2.2562,9.5,1
1,2010-01-13T08:30:00Z,54.233933,-10.1429,Belmullet Wave Buoy Berth B,5.98,10.95,2.0224,8.8,1
1,2010-01-13T09:00:00Z,54.233933,-10.1429,Belmullet Wave Buoy Berth B,6.48,11.51,2.2339,9.65,1
1,2010-01-13T09:30:00Z,54.233933,-10.1429,Belmullet Wave Buoy Berth B,5.57,12.28,1.9445,8.72,1
1,2010-01-13T10:00:00Z,54.233933,-10.1429,Belmullet Wave Buoy Berth B,5.88,12.52,2.1756,9.14,1
1,2010-01-13T10:30:00Z,54.233933,-10.1429,Belmullet Wave Buoy Berth B,5.05,12.9,2.0578,8.9,1
1,2010-01-13T11:00:00Z,54.233933,-10.1429,Belmullet Wave Buoy Berth B,6.53,11.82,2.0753,8.86,1
1,2010-01-13T11:30:00Z,54.233933,-10.1429,Belmullet Wave Buoy Berth B,4.63,11.58,1.8513,8.43,1
1,2010-01-13T12:00:00Z,54.233933,-10.1429,Belmullet Wave Buoy Berth B,5.94,12.08,1.9203,8.56,1
1,2010-01-13T12:30:00Z,54.233933,-10.1429,Belmullet Wave Buoy Berth B,4.81,10.83,1.9475,8.57,1
1,2010-01-13T13:00:00Z,54.233933,-10.1429,Belmullet Wave Buoy Berth B,6.04,11.09,2.3342,9.72,1
1,2010-01-13T13:30:00Z,54.233933,-10.1429,Belmullet Wave Buoy Berth B,4.86,8.89,1.8148,8.11,1
1,2010-01-13T14:00:00Z,54.233933,-10.1429,Belmullet Wave Buoy Berth B,6.6,11.82,2.0075,8.45,1
1,2010-01-13T14:30:00Z,54.233933,-10.1429,Belmullet Wave Buoy Berth B,5.81,11.97,2.013,8.85,1
1,2010-01-13T15:00:00Z,54.233933,-10.1429,Belmullet Wave Buoy Berth B,5.11,11.27,1.9223,8.71,1
1,2010-01-13T15:30:00Z,54.233933,-10.1429,Belmullet Wave Buoy Berth B,5.77,10.24,2.2597,9.27,1
1,2010-01-13T16:00:00Z,54.233933,-10.1429,Belmullet Wave Buoy Berth B,5.4,11.64,2.0449,8.62,1
1,2010-01-13T16:30:00Z,54.233933,-10.1429,Belmullet Wave Buoy Berth B,5.21,8.92,2.0298,8.68,1
1,2010-01-13T17:00:00Z,54.233933,-10.1429,Belmullet Wave Buoy Berth B,6.96,11.21,2.2252,9.02,1
1,2010-01-13T17:30:00Z,54.233933,-10.1429,Belmullet Wave Buoy Berth B,5.28,11.55,2.225,9.39,1
1,2010-01-13T18:00:00Z,54.233933,-10.1429,Belmullet Wave Buoy Berth B,5.31,12.27,2.0829,8.83,1
1,2010-01-13T18:30:00Z,54.233933,-10.1429,Belmullet Wave Buoy Berth B,5.04,11.07,2.1255,8.92,1
1,2010-01-13T19:00:00Z,54.233933,-10.1429,Belmullet Wave Buoy Berth B,5.61,12.95,2.3729,9.12,1
1,2010-01-13T19:30:00Z,54.233933,-10.1429,Belmullet Wave Buoy Berth B,5.52,12.25,2.1667,8.65,1
1,2010-01-13T20:00:00Z,54.233933,-10.1429,Belmullet Wave Buoy Berth B,5.42,11.32,2.0599,8.79,1
1,2010-01-13T20:30:00Z,54.233933,-10.1429,Belmullet Wave Buoy Berth B,5.5,11.52,2.0261,9.31,1
1,2010-01-13T21:00:00Z,54.233933,-10.1429,Belmullet Wave Buoy Berth B,4.75,9.96,1.9142,8.78,1
1,2010-01-13T21:30:00Z,54.233933,-10.1429,Belmullet Wave Buoy Berth B,5.01,10.74,1.8672,8.49,1
1,2010-01-13T22:00:00Z,54.233933,-10.1429,Belmullet Wave Buoy Berth B,4.87,10.76,2.0088,8.89,1
1,2010-01-13T22:30:00Z,54.233933,-10.1429,Belmullet Wave Buoy Berth B,4.68,11.65,1.9376,8.48,1
1,2010-01-13T23:00:00Z,54.233933,-10.1429,Belmullet Wave Buoy Berth B,4.69,9.11,1.9607,8.73,1
1,2010-01-13T23:30:00Z,54.233933,-10.1429,Belmullet Wave Buoy Berth B,4.81,10.56,2.0379,8.88,1
1,2010-01-14T00:00:00Z,54.233933,-10.1429,Belmullet Wave Buoy Berth B,4.74,11.14,2.009,8.84,1
1,2010-01-14T00:30:00Z,54.233933,-10.1429,Belmullet Wave Buoy Berth B,6.3,10.35,1.9662,9,1
1,2010-01-14T01:00:00Z,54.233933,-10.1429,Belmullet Wave Buoy Berth B,4.93,12.62,1.7274,8.16,1
1,2010-01-14T01:30:00Z,54.233933,-10.1429,Belmullet Wave Buoy Berth B,4.8,11.58,1.9611,9.15,1
1,2010-01-14T02:00:00Z,54.233933,-10.1429,Belmullet Wave Buoy Berth B,3.93,9.71,1.888,8.8,1
1,2010-01-14T02:30:00Z,54.233933,-10.1429,Belmullet Wave Buoy Berth B,5.01,9.7,1.7174,7.77,1
1,2010-01-14T03:00:00Z,54.233933,-10.1429,Belmullet Wave Buoy Berth B,4.79,10.72,1.8557,8.35,1
1,2010-01-14T03:30:00Z,54.233933,-10.1429,Belmullet Wave Buoy Berth B,5.49,9.76,1.8686,8.06,1
1,2010-01-14T04:00:00Z,54.233933,-10.1429,Belmullet Wave Buoy Berth B,4.41,9.54,1.7817,8.4,1
1,2010-01-14T04:30:00Z,54.233933,-10.1429,Belmullet Wave Buoy Berth B,5.68,11.28,1.996,8.36,1
1,2010-01-14T05:00:00Z,54.233933,-10.1429,Belmullet Wave Buoy Berth B,5.35,10.3,1.9771,8.78,1
1,2010-01-14T05:30:00Z,54.233933,-10.1429,Belmullet Wave Buoy Berth B,4.88,11.21,1.9923,8.59,1
1,2010-01-14T06:00:00Z,54.233933,-10.1429,Belmullet Wave Buoy Berth B,4.78,10.9,1.8979,8.4,1
1,2010-01-14T06:30:00Z,54.233933,-10.1429,Belmullet Wave Buoy Berth B,4.37,9.54,1.5261,7.47,1
1,2010-01-14T07:00:00Z,54.233933,-10.1429,Belmullet Wave Buoy Berth B,4.2,11.25,1.8671,8.47,1
1,2010-01-14T07:30:00Z,54.233933,-10.1429,Belmullet Wave Buoy Berth B,4.99,10.23,1.8873,8.51,1
1,2010-01-14T08:00:00Z,54.233933,-10.1429,Belmullet Wave Buoy Berth B,4.85,9.69,1.7525,8.14,1
1,2010-01-14T08:30:00Z,54.233933,-10.1429,Belmullet Wave Buoy Berth B,4.54,9.69,1.8923,8.94,1
1,2010-01-14T09:00:00Z,54.233933,-10.1429,Belmullet Wave Buoy Berth B,4.14,10.12,1.7134,8.18,1
1,2010-01-14T09:30:00Z,54.233933,-10.1429,Belmullet Wave Buoy Berth B,4.95,9.97,1.6871,7.84,1
1,2010-01-14T10:00:00Z,54.233933,-10.1429,Belmullet Wave Buoy Berth B,4.02,10.56,1.7221,8.36,1
1,2010-01-14T10:30:00Z,54.233933,-10.1429,Belmullet Wave Buoy Berth B,5.51,10.16,1.6388,7.95,1
1,2010-01-14T11:00:00Z,54.233933,-10.1429,Belmullet Wave Buoy Berth B,4.73,10.73,1.7164,8.2,1
1,2010-01-14T11:30:00Z,54.233933,-10.1429,Belmullet Wave Buoy Berth B,4.49,10.84,1.5659,7.81,1
1,2010-01-14T12:00:00Z,54.233933,-10.1429,Belmullet Wave Buoy Berth B,5.21,9.72,1.5625,7.88,1
1,2010-01-14T12:30:00Z,54.233933,-10.1429,Belmullet Wave Buoy Berth B,3.86,9.15,1.5228,7.82,1
1,2010-01-14T13:00:00Z,54.233933,-10.1429,Belmullet Wave Buoy Berth B,3.74,10.44,1.5315,7.57,1
1,2010-01-14T13:30:00Z,54.233933,-10.1429,Belmullet Wave Buoy Berth B,4.24,9.94,1.5706,7.41,1
1,2010-01-14T14:00:00Z,54.233933,-10.1429,Belmullet Wave Buoy Berth B,3.84,9.73,1.6284,7.43,1
1,2010-01-14T14:30:00Z,54.233933,-10.1429,Belmullet Wave Buoy Berth B,4.25,11.02,1.5523,7.1,1
1,2010-01-14T15:00:00Z,54.233933,-10.1429,Belmullet Wave Buoy Berth B,3.94,10.63,1.4971,7.17,1
1,2010-01-14T15:30:00Z,54.233933,-10.1429,Belmullet Wave Buoy Berth B,4.2,11.13,1.6039,7.25,1
1,2010-01-14T16:00:00Z,54.233933,-10.1429,Belmullet Wave Buoy Berth B,4.28,8.91,1.5356,7.03,1
1,2010-01-14T16:30:00Z,54.233933,-10.1429,Belmullet Wave Buoy Berth B,3.77,10.23,1.489,7.21,1
1,2010-01-14T17:00:00Z,54.233933,-10.1429,Belmullet Wave Buoy Berth B,4.24,9.18,1.5794,7.22,1
1,2010-01-14T17:30:00Z,54.233933,-10.1429,Belmullet Wave Buoy Berth B,4.12,11.05,1.4139,7.08,1
1,2010-01-14T18:00:00Z,54.233933,-10.1429,Belmullet Wave Buoy Berth B,3.63,7.66,1.4354,6.83,1
1,2010-01-14T18:30:00Z,54.233933,-10.1429,Belmullet Wave Buoy Berth B,3.88,10.7,1.4672,6.87,1
1,2010-01-14T19:00:00Z,54.233933,-10.1429,Belmullet Wave Buoy Berth B,3.96,12.82,1.4002,6.88,1
1,2010-01-14T19:30:00Z,54.233933,-10.1429,Belmullet Wave Buoy Berth B,4.22,9.4,1.3956,6.91,1
1,2010-01-14T20:00:00Z,54.233933,-10.1429,Belmullet Wave Buoy Berth B,4.8,8.37,1.4896,7.29,1
1,2010-01-14T20:30:00Z,54.233933,-10.1429,Belmullet Wave Buoy Berth B,3.39,8.69,1.378,6.81,1
1,2010-01-14T21:00:00Z,54.233933,-10.1429,Belmullet Wave Buoy Berth B,4.47,8.94,1.5914,7.73,1
1,2010-01-14T21:30:00Z,54.233933,-10.1429,Belmullet Wave Buoy Berth B,3.78,9.52,1.2376,6.8,1
1,2010-01-14T22:00:00Z,54.233933,-10.1429,Belmullet Wave Buoy Berth B,3.5,10.78,1.2923,7.19,1
1,2010-01-14T22:30:00Z,54.233933,-10.1429,Belmullet Wave Buoy Berth B,3.24,10.12,1.2193,6.62,1
1,2010-01-14T23:00:00Z,54.233933,-10.1429,Belmullet Wave Buoy Berth B,3.89,10.62,1.2011,6.34,1
1,2010-01-14T23:30:00Z,54.233933,-10.1429,Belmullet Wave Buoy Berth B,3.66,9.51,1.2171,6.25,1
1,2010-01-15T00:00:00Z,54.233933,-10.1429,Belmullet Wave Buoy Berth B,3.1,9.84,1.1572,5.81,1
1,2010-01-15T00:30:00Z,54.233933,-10.1429,Belmullet Wave Buoy Berth B,3.16,7.75,1.2587,5.95,1
1,2010-01-15T01:00:00Z,54.233933,-10.1429,Belmullet Wave Buoy Berth B,3.44,9.12,1.2653,5.57,1
1,2010-01-15T01:30:00Z,54.233933,-10.1429,Belmullet Wave Buoy Berth B,3.68,8.79,1.519,6.28,1
1,2010-01-15T02:00:00Z,54.233933,-10.1429,Belmullet Wave Buoy Berth B,3.88,8.28,1.3991,6.06,1
1,2010-01-15T02:30:00Z,54.233933,-10.1429,Belmullet Wave Buoy Berth B,4.13,8.76,1.4685,6.38,1
1,2010-01-15T03:00:00Z,54.233933,-10.1429,Belmullet Wave Buoy Berth B,4.37,9.75,1.5888,7.15,1
1,2010-01-15T03:30:00Z,54.233933,-10.1429,Belmullet Wave Buoy Berth B,4.89,9.3,1.685,6.78,1
1,2010-01-15T04:00:00Z,54.233933,-10.1429,Belmullet Wave Buoy Berth B,5.13,10.08,1.7734,6.98,1
1,2010-01-15T04:30:00Z,54.233933,-10.1429,Belmullet Wave Buoy Berth B,5.02,9.92,1.6042,6.88,1
1,2010-01-15T05:00:00Z,54.233933,-10.1429,Belmullet Wave Buoy Berth B,4.53,10.11,1.8753,7.66,1
1,2010-01-15T05:30:00Z,54.233933,-10.1429,Belmullet Wave Buoy Berth B,5.06,9.68,1.8184,7.28,1
1,2010-01-15T06:00:00Z,54.233933,-10.1429,Belmullet Wave Buoy Berth B,5.52,9.15,1.7746,7.48,1
1,2010-01-15T06:30:00Z,54.233933,-10.1429,Belmullet Wave Buoy Berth B,4.35,8.18,1.7201,7.55,1
1,2010-01-15T07:00:00Z,54.233933,-10.1429,Belmullet Wave Buoy Berth B,5.01,9.41,1.6785,7.26,1
1,2010-01-15T07:30:00Z,54.233933,-10.1429,Belmullet Wave Buoy Berth B,4.48,9.44,1.736,7.78,1
1,2010-01-15T08:00:00Z,54.233933,-10.1429,Belmullet Wave Buoy Berth B,4.88,9.07,1.8332,7.76,1
1,2010-01-15T08:30:00Z,54.233933,-10.1429,Belmullet Wave Buoy Berth B,5.48,9.22,1.7656,7.66,1
1,2010-01-15T09:00:00Z,54.233933,-10.1429,Belmullet Wave Buoy Berth B,4.6,10.51,1.8141,7.63,1
1,2010-01-15T09:30:00Z,54.233933,-10.1429,Belmullet Wave Buoy Berth B,4.38,8.53,1.8358,8.17,1
1,2010-01-15T10:00:00Z,54.233933,-10.1429,Belmullet Wave Buoy Berth B,5.13,10.63,1.7706,8.08,1
1,2010-01-15T10:30:00Z,54.233933,-10.1429,Belmullet Wave Buoy Berth B,3.71,11.74,1.5345,7.46,1
1,2010-01-15T11:00:00Z,54.233933,-10.1429,Belmullet Wave Buoy Berth B,4.17,10.21,1.6323,7.79,1
1,2010-01-15T11:30:00Z,54.233933,-10.1429,Belmullet Wave Buoy Berth B,5.06,9.98,1.8889,8.54,1
1,2010-01-15T12:00:00Z,54.233933,-10.1429,Belmullet Wave Buoy Berth B,3.83,9.9,1.5419,7.46,1
1,2010-01-15T12:30:00Z,54.233933,-10.1429,Belmullet Wave Buoy Berth B,4.04,10.14,1.6099,7.48,1
1,2010-01-15T13:00:00Z,54.233933,-10.1429,Belmullet Wave Buoy Berth B,5.59,10.56,1.6241,7.23,1
1,2010-01-15T13:30:00Z,54.233933,-10.1429,Belmullet Wave Buoy Berth B,4.12,10.23,1.6751,7.47,1
1,2010-01-15T14:00:00Z,54.233933,-10.1429,Belmullet Wave Buoy Berth B,4.26,11.87,1.688,7.56,1
1,2010-01-15T14:30:00Z,54.233933,-10.1429,Belmullet Wave Buoy Berth B,4.74,10.79,1.6499,7.19,1
1,2010-01-15T15:00:00Z,54.233933,-10.1429,Belmullet Wave Buoy Berth B,4.21,9.95,1.5079,6.94,1
1,2010-01-15T15:30:00Z,54.233933,-10.1429,Belmullet Wave Buoy Berth B,4.21,8.47,1.5374,7.02,1
1,2010-01-15T16:00:00Z,54.233933,-10.1429,Belmullet Wave Buoy Berth B,3.98,8.96,1.594,7.81,1
1,2010-01-15T16:30:00Z,54.233933,-10.1429,Belmullet Wave Buoy Berth B,4.18,10.96,1.4742,7.03,1
1,2010-01-15T17:00:00Z,54.233933,-10.1429,Belmullet Wave Buoy Berth B,5.05,11.13,1.6755,7.48,1
1,2010-01-15T17:30:00Z,54.233933,-10.1429,Belmullet Wave Buoy Berth B,5.85,10.27,1.7584,7.35,1
1,2010-01-15T18:00:00Z,54.233933,-10.1429,Belmullet Wave Buoy Berth B,4.01,10.13,1.6192,7.18,1
1,2010-01-15T18:30:00Z,54.233933,-10.1429,Belmullet Wave Buoy Berth B,4.48,9.41,1.6613,7.02,1
1,2010-01-15T19:00:00Z,54.233933,-10.1429,Belmullet Wave Buoy Berth B,5.17,8.83,1.8705,7.17,1
1,2010-01-15T19:30:00Z,54.233933,-10.1429,Belmullet Wave Buoy Berth B,5.62,11.38,1.6713,6.9,1
1,2010-01-15T20:00:00Z,54.233933,-10.1429,Belmullet Wave Buoy Berth B,4.88,10.06,1.8316,7.39,1
1,2010-01-15T20:30:00Z,54.233933,-10.1429,Belmullet Wave Buoy Berth B,6.4,11.08,1.8573,7.57,1
1,2010-01-15T21:00:00Z,54.233933,-10.1429,Belmullet Wave Buoy Berth B,5,10.51,1.8356,8.02,1
1,2010-01-15T21:30:00Z,54.233933,-10.1429,Belmullet Wave Buoy Berth B,4.95,9.48,1.7769,7.36,1
1,2010-01-15T22:00:00Z,54.233933,-10.1429,Belmullet Wave Buoy Berth B,5.5,10.86,1.9115,7.38,1
1,2010-01-15T22:30:00Z,54.233933,-10.1429,Belmullet Wave Buoy Berth B,5.18,10.3,1.6325,6.57,1
1,2010-01-15T23:00:00Z,54.233933,-10.1429,Belmullet Wave Buoy Berth B,5.08,9.22,1.9125,7.37,1
1,2010-01-15T23:30:00Z,54.233933,-10.1429,Belmullet Wave Buoy Berth B,4.72,10.9,1.6611,6.73,1
1,2010-01-16T00:00:00Z,54.233933,-10.1429,Belmullet Wave Buoy Berth B,4.77,10,1.8143,6.71,1
1,2010-01-16T00:30:00Z,54.233933,-10.1429,Belmullet Wave Buoy Berth B,4.14,10.46,1.8506,6.77,1
1,2010-01-16T01:00:00Z,54.233933,-10.1429,Belmullet Wave Buoy Berth B,5.24,9.69,1.821,6.34,1
1,2010-01-16T01:30:00Z,54.233933,-10.1429,Belmullet Wave Buoy Berth B,5.81,11.14,1.974,6.79,1
1,2010-01-16T02:00:00Z,54.233933,-10.1429,Belmullet Wave Buoy Berth B,5.89,11.44,2.2034,7.52,1
1,2010-01-16T02:30:00Z,54.233933,-10.1429,Belmullet Wave Buoy Berth B,5.3,8.75,2.1602,7.12,1
1,2010-01-16T03:00:00Z,54.233933,-10.1429,Belmullet Wave Buoy Berth B,7.66,9.84,2.5673,7.95,1
1,2010-01-16T03:30:00Z,54.233933,-10.1429,Belmullet Wave Buoy Berth B,7.29,9.63,2.6242,7.58,1
1,2010-01-16T04:00:00Z,54.233933,-10.1429,Belmullet Wave Buoy Berth B,8.18,10.18,2.9407,8.25,1
1,2010-01-16T04:30:00Z,54.233933,-10.1429,Belmullet Wave Buoy Berth B,7.82,11.37,2.9365,8.69,1
1,2010-01-16T05:00:00Z,54.233933,-10.1429,Belmullet Wave Buoy Berth B,7.14,11.09,3.0385,8.44,1
1,2010-01-16T05:30:00Z,54.233933,-10.1429,Belmullet Wave Buoy Berth B,7.52,10.64,2.9816,8.44,1
1,2010-01-16T06:00:00Z,54.233933,-10.1429,Belmullet Wave Buoy Berth B,6.64,9.16,2.7058,8.15,1
1,2010-01-16T06:30:00Z,54.233933,-10.1429,Belmullet Wave Buoy Berth B,7.2,11.78,2.8487,8.39,1
1,2010-01-16T07:00:00Z,54.233933,-10.1429,Belmullet Wave Buoy Berth B,6.94,12.02,2.8402,8.28,1
1,2010-01-16T07:30:00Z,54.233933,-10.1429,Belmullet Wave Buoy Berth B,8.64,12.14,3.2434,9.06,1
1,2010-01-16T08:00:00Z,54.233933,-10.1429,Belmullet Wave Buoy Berth B,7.93,12.86,2.8531,8.76,1
1,2010-01-16T08:30:00Z,54.233933,-10.1429,Belmullet Wave Buoy Berth B,7.25,12.91,2.6708,8.5,1
1,2010-01-16T09:00:00Z,54.233933,-10.1429,Belmullet Wave Buoy Berth B,6.65,12.21,2.9734,9.2,1
1,2010-01-16T09:30:00Z,54.233933,-10.1429,Belmullet Wave Buoy Berth B,6.79,12.48,2.7978,8.55,1
1,2010-01-16T10:00:00Z,54.233933,-10.1429,Belmullet Wave Buoy Berth B,7.57,10.12,2.8947,9.2,1
1,2010-01-16T10:30:00Z,54.233933,-10.1429,Belmullet Wave Buoy Berth B,7.29,11.7,2.7363,8.49,1
1,2010-01-16T11:00:00Z,54.233933,-10.1429,Belmullet Wave Buoy Berth B,8.28,11.71,2.572,8,1
1,2010-01-16T11:30:00Z,54.233933,-10.1429,Belmullet Wave Buoy Berth B,6.57,11.63,2.5731,8.08,1
1,2010-01-16T12:00:00Z,54.233933,-10.1429,Belmullet Wave Buoy Berth B,6.26,10.25,2.5399,8.12,1
1,2010-01-16T12:30:00Z,54.233933,-10.1429,Belmullet Wave Buoy Berth B,6.89,10.95,2.6004,8.13,1
1,2010-01-16T13:00:00Z,54.233933,-10.1429,Belmullet Wave Buoy Berth B,6.24,10.52,2.6858,8.43,1
1,2010-01-18T17:08:00Z,54.233933,-10.1429,Belmullet Wave Buoy Berth B,4.32,9.87,1.6022,8.14,1
1,2010-01-18T17:30:00Z,54.233933,-10.1429,Belmullet Wave Buoy Berth B,4.93,9.83,1.8615,8.34,1
1,2010-01-18T18:00:00Z,54.233933,-10.1429,Belmullet Wave Buoy Berth B,4.7,10.73,1.6758,7.97,1
1,2010-01-18T18:30:00Z,54.233933,-10.1429,Belmullet Wave Buoy Berth B,4.19,11.28,1.5976,8.08,1
1,2010-01-18T19:00:00Z,54.233933,-10.1429,Belmullet Wave Buoy Berth B,4.17,11.06,1.5704,8.2,1
1,2010-01-18T19:30:00Z,54.233933,-10.1429,Belmullet Wave Buoy Berth B,4.66,10.63,1.6263,8.17,1
1,2010-01-18T20:00:00Z,54.233933,-10.1429,Belmullet Wave Buoy Berth B,4.29,10.6,1.5148,7.96,1
1,2010-01-18T20:30:00Z,54.233933,-10.1429,Belmullet Wave Buoy Berth B,4.26,11.71,1.6533,8.41,1
1,2010-01-18T21:00:00Z,54.233933,-10.1429,Belmullet Wave Buoy Berth B,3.68,10.17,1.525,8,1
1,2010-01-18T21:30:00Z,54.233933,-10.1429,Belmullet Wave Buoy Berth B,4.05,9.27,1.3872,7.82,1
1,2010-01-18T22:00:00Z,54.233933,-10.1429,Belmullet Wave Buoy Berth B,4.14,11.08,1.4325,8.1,1
1,2010-01-18T22:30:00Z,54.233933,-10.1429,Belmullet Wave Buoy Berth B,4.87,10.13,1.6993,8.66,1
1,2010-01-18T23:00:00Z,54.233933,-10.1429,Belmullet Wave Buoy Berth B,3.9,11.18,1.4864,8.33,1
1,2010-01-18T23:30:00Z,54.233933,-10.1429,Belmullet Wave Buoy Berth B,4.52,10.2,1.4317,7.88,1
1,2010-01-19T00:00:00Z,54.233933,-10.1429,Belmullet Wave Buoy Berth B,4.55,10.63,1.6077,8.85,1
1,2010-01-19T00:30:00Z,54.233933,-10.1429,Belmullet Wave Buoy Berth B,4.23,10.64,1.497,8.53,1
1,2010-01-19T01:00:00Z,54.233933,-10.1429,Belmullet Wave Buoy Berth B,3.58,11.98,1.2926,8.05,1
1,2010-01-19T01:30:00Z,54.233933,-10.1429,Belmullet Wave Buoy Berth B,3.97,10.91,1.3495,7.93,1
1,2010-01-19T02:00:00Z,54.233933,-10.1429,Belmullet Wave Buoy Berth B,3.37,9.62,1.2298,7.7,1
1,2010-01-19T02:30:00Z,54.233933,-10.1429,Belmullet Wave Buoy Berth B,3.29,11.23,1.3039,8.02,1
1,2010-01-19T03:00:00Z,54.233933,-10.1429,Belmullet Wave Buoy Berth B,3.9,9.09,1.4872,8.78,1
1,2010-01-19T03:30:00Z,54.233933,-10.1429,Belmullet Wave Buoy Berth B,3.77,10.14,1.2685,8.11,1
1,2010-01-19T04:00:00Z,54.233933,-10.1429,Belmullet Wave Buoy Berth B,3.46,10.38,1.3262,8.35,1
1,2010-01-19T04:30:00Z,54.233933,-10.1429,Belmullet Wave Buoy Berth B,2.87,8.82,1.2212,7.61,1
1,2010-01-19T05:00:00Z,54.233933,-10.1429,Belmullet Wave Buoy Berth B,2.81,10.18,1.1677,7.48,1
1,2010-01-19T05:30:00Z,54.233933,-10.1429,Belmullet Wave Buoy Berth B,2.75,8.73,1.1571,7.4,1
1,2010-01-19T06:00:00Z,54.233933,-10.1429,Belmullet Wave Buoy Berth B,2.79,10.77,1.11,7.27,1
1,2010-01-19T06:30:00Z,54.233933,-10.1429,Belmullet Wave Buoy Berth B,2.76,10.04,1.074,6.58,1
1,2010-01-19T07:00:00Z,54.233933,-10.1429,Belmullet Wave Buoy Berth B,3.34,10.15,1.0209,6.33,1
1,2010-01-19T07:30:00Z,54.233933,-10.1429,Belmullet Wave Buoy Berth B,3.01,9.73,1.0697,6.38,1
1,2010-01-19T08:00:00Z,54.233933,-10.1429,Belmullet Wave Buoy Berth B,2.73,10.42,0.979,6.38,1
1,2010-01-19T08:30:00Z,54.233933,-10.1429,Belmullet Wave Buoy Berth B,2.57,8.77,1.0724,7.03,1
1,2010-01-19T09:00:00Z,54.233933,-10.1429,Belmullet Wave Buoy Berth B,2.74,11.06,0.9924,6.24,1
1,2010-01-19T09:30:00Z,54.233933,-10.1429,Belmullet Wave Buoy Berth B,2.91,8.82,1.0198,6.59,1
1,2010-01-19T10:00:00Z,54.233933,-10.1429,Belmullet Wave Buoy Berth B,2.7,9.02,0.9282,5.84,1
1,2010-01-19T10:30:00Z,54.233933,-10.1429,Belmullet Wave Buoy Berth B,2.54,10.17,0.9031,5.66,1
1,2010-01-19T11:00:00Z,54.233933,-10.1429,Belmullet Wave Buoy Berth B,3.11,9.52,0.9478,5.6,1
1,2010-01-19T11:30:00Z,54.233933,-10.1429,Belmullet Wave Buoy Berth B,2.56,10.16,0.9207,5.87,1
1,2010-01-19T12:00:00Z,54.233933,-10.1429,Belmullet Wave Buoy Berth B,3.13,9.05,1.0013,5.89,1
1,2010-01-19T12:30:00Z,54.233933,-10.1429,Belmullet Wave Buoy Berth B,2.8,10.3,1.1271,6.06,1
1,2010-01-19T13:00:00Z,54.233933,-10.1429,Belmullet Wave Buoy Berth B,2.82,9.43,0.9241,5.47,1
1,2010-01-19T13:30:00Z,54.233933,-10.1429,Belmullet Wave Buoy Berth B,2.78,9.64,1.0194,5.59,1
1,2010-01-19T14:00:00Z,54.233933,-10.1429,Belmullet Wave Buoy Berth B,3.23,9.33,1.0625,5.71,1
1,2010-01-19T14:30:00Z,54.233933,-10.1429,Belmullet Wave Buoy Berth B,2.9,10.26,1.1174,6.29,1
1,2010-01-19T15:00:00Z,54.233933,-10.1429,Belmullet Wave Buoy Berth B,3.03,8.98,1.1042,5.92,1
1,2010-01-19T15:30:00Z,54.233933,-10.1429,Belmullet Wave Buoy Berth B,3.07,8.17,1.1047,5.87,1
1,2010-01-19T16:00:00Z,54.233933,-10.1429,Belmullet Wave Buoy Berth B,3.4,8.91,1.1014,5.93,1
1,2010-01-19T16:30:00Z,54.233933,-10.1429,Belmullet Wave Buoy Berth B,3.37,9.63,1.0916,6.05,1
1,2010-01-19T17:00:00Z,54.233933,-10.1429,Belmullet Wave Buoy Berth B,3,10.14,1.1673,5.94,1
1,2010-01-19T17:30:00Z,54.233933,-10.1429,Belmullet Wave Buoy Berth B,3.19,9.54,1.0767,5.67,1
1,2010-01-19T18:00:00Z,54.233933,-10.1429,Belmullet Wave Buoy Berth B,3.25,8.54,1.2493,6.24,1
1,2010-01-19T18:30:00Z,54.233933,-10.1429,Belmullet Wave Buoy Berth B,3.45,9.12,1.2567,6.38,1
1,2010-01-19T19:00:00Z,54.233933,-10.1429,Belmullet Wave Buoy Berth B,3.48,10.66,1.2621,6.41,1
1,2010-01-19T19:30:00Z,54.233933,-10.1429,Belmullet Wave Buoy Berth B,3.08,7.73,1.2302,6.21,1
1,2010-01-19T20:00:00Z,54.233933,-10.1429,Belmullet Wave Buoy Berth B,3.51,11.56,1.3155,6.49,1
1,2010-01-19T20:30:00Z,54.233933,-10.1429,Belmullet Wave Buoy Berth B,5.04,10.43,1.3597,6.51,1
1,2010-01-19T21:00:00Z,54.233933,-10.1429,Belmullet Wave Buoy Berth B,3.49,10.34,1.28,6.43,1
1,2010-01-19T21:30:00Z,54.233933,-10.1429,Belmullet Wave Buoy Berth B,3.49,11.18,1.2208,6.43,1
1,2010-01-19T22:00:00Z,54.233933,-10.1429,Belmullet Wave Buoy Berth B,3.92,10.89,1.4597,7.81,1
1,2010-01-19T22:30:00Z,54.233933,-10.1429,Belmullet Wave Buoy Berth B,4.36,10.27,1.4007,7.44,1
1,2010-01-19T23:00:00Z,54.233933,-10.1429,Belmullet Wave Buoy Berth B,3.56,10.63,1.4229,7.81,1
1,2010-01-19T23:30:00Z,54.233933,-10.1429,Belmullet Wave Buoy Berth B,3.64,11.23,1.5187,8.51,1
1,2010-01-20T00:00:00Z,54.233933,-10.1429,Belmullet Wave Buoy Berth B,3.16,10.61,1.3617,8.61,1
1,2010-01-20T00:30:00Z,54.233933,-10.1429,Belmullet Wave Buoy Berth B,3.91,10.78,1.3672,8.5,1
1,2010-01-20T01:00:00Z,54.233933,-10.1429,Belmullet Wave Buoy Berth B,4.4,10.76,1.4504,8.43,1
1,2010-01-20T01:30:00Z,54.233933,-10.1429,Belmullet Wave Buoy Berth B,4.59,10.86,1.4141,8.57,1
1,2010-01-20T02:00:00Z,54.233933,-10.1429,Belmullet Wave Buoy Berth B,3.1,10.23,1.4156,8.46,1
1,2010-01-20T02:30:00Z,54.233933,-10.1429,Belmullet Wave Buoy Berth B,3.56,9.74,1.4504,8.68,1
1,2010-01-20T03:00:00Z,54.233933,-10.1429,Belmullet Wave Buoy Berth B,4.35,11.31,1.3048,8.09,1
1,2010-01-20T03:30:00Z,54.233933,-10.1429,Belmullet Wave Buoy Berth B,3.41,10.63,1.2723,7.7,1
1,2010-01-20T04:00:00Z,54.233933,-10.1429,Belmullet Wave Buoy Berth B,3.7,11.9,1.252,7.24,1
1,2010-01-20T04:30:00Z,54.233933,-10.1429,Belmullet Wave Buoy Berth B,3.2,9.98,1.259,7.49,1
1,2010-01-20T05:00:00Z,54.233933,-10.1429,Belmullet Wave Buoy Berth B,3.9,9.76,1.3291,7.51,1
1,2010-01-20T05:30:00Z,54.233933,-10.1429,Belmullet Wave Buoy Berth B,3.81,11.66,1.3585,7.38,1
1,2010-01-20T06:00:00Z,54.233933,-10.1429,Belmullet Wave Buoy Berth B,3.55,11.9,1.2314,7.11,1
1,2010-01-20T06:30:00Z,54.233933,-10.1429,Belmullet Wave Buoy Berth B,4.32,11.89,1.3133,7.24,1
1,2010-01-20T07:00:00Z,54.233933,-10.1429,Belmullet Wave Buoy Berth B,3.3,11.12,1.2816,7.15,1
1,2010-01-20T07:30:00Z,54.233933,-10.1429,Belmullet Wave Buoy Berth B,4.28,9.93,1.3802,7.51,1
1,2010-01-20T08:00:00Z,54.233933,-10.1429,Belmullet Wave Buoy Berth B,3.71,11.78,1.3151,7.2,1
1,2010-01-20T08:30:00Z,54.233933,-10.1429,Belmullet Wave Buoy Berth B,5.33,11.46,1.4487,8.02,1
1,2010-01-20T09:00:00Z,54.233933,-10.1429,Belmullet Wave Buoy Berth B,3.27,12.19,1.3256,7.3,1
1,2010-01-20T09:30:00Z,54.233933,-10.1429,Belmullet Wave Buoy Berth B,3.33,11.16,1.3292,8.09,1
1,2010-01-20T10:00:00Z,54.233933,-10.1429,Belmullet Wave Buoy Berth B,4.11,13.05,1.452,7.94,1
1,2010-01-20T10:30:00Z,54.233933,-10.1429,Belmullet Wave Buoy Berth B,3.56,11.93,1.4356,8.24,1
1,2010-01-20T11:00:00Z,54.233933,-10.1429,Belmullet Wave Buoy Berth B,4.22,13.1,1.4243,8.37,1
1,2010-01-20T11:30:00Z,54.233933,-10.1429,Belmullet Wave Buoy Berth B,4.12,12.14,1.6234,8.92,1
1,2010-01-20T12:00:00Z,54.233933,-10.1429,Belmullet Wave Buoy Berth B,3.72,12.46,1.5885,8.56,1
1,2010-01-20T12:30:00Z,54.233933,-10.1429,Belmullet Wave Buoy Berth B,4.43,12.41,1.537,8.75,1
1,2010-01-20T13:00:00Z,54.233933,-10.1429,Belmullet Wave Buoy Berth B,4.55,13.63,1.5875,8.91,1
1,2010-01-20T13:30:00Z,54.233933,-10.1429,Belmullet Wave Buoy Berth B,4.35,12.86,1.7377,9.14,1
1,2010-01-20T14:00:00Z,54.233933,-10.1429,Belmullet Wave Buoy Berth B,5.06,11.03,1.8179,8.95,1
1,2010-01-20T14:30:00Z,54.233933,-10.1429,Belmullet Wave Buoy Berth B,4.21,10.13,1.8074,9.21,1
1,2010-01-20T15:00:00Z,54.233933,-10.1429,Belmullet Wave Buoy Berth B,5.09,12.81,1.9911,9.6,1
1,2010-01-20T15:30:00Z,54.233933,-10.1429,Belmullet Wave Buoy Berth B,5.02,13.02,1.7664,8.98,1
1,2010-01-20T16:00:00Z,54.233933,-10.1429,Belmullet Wave Buoy Berth B,4.94,13.15,1.8084,9.18,1
1,2010-01-20T16:30:00Z,54.233933,-10.1429,Belmullet Wave Buoy Berth B,4.53,13.72,1.7362,9.15,1
1,2010-01-20T17:00:00Z,54.233933,-10.1429,Belmullet Wave Buoy Berth B,5.5,11.96,1.8119,9.2,1
1,2010-01-20T17:30:00Z,54.233933,-10.1429,Belmullet Wave Buoy Berth B,4.45,11.96,1.8829,9.78,1
1,2010-01-20T18:00:00Z,54.233933,-10.1429,Belmullet Wave Buoy Berth B,5.02,11.14,1.8107,9.16,1
1,2010-01-20T18:30:00Z,54.233933,-10.1429,Belmullet Wave Buoy Berth B,5.15,12.53,1.935,9.51,1
1,2010-01-20T19:00:00Z,54.233933,-10.1429,Belmullet Wave Buoy Berth B,5.46,12.36,1.7723,9.01,1
1,2010-01-20T19:30:00Z,54.233933,-10.1429,Belmullet Wave Buoy Berth B,4.83,11.81,1.901,9.63,1
1,2010-01-20T20:00:00Z,54.233933,-10.1429,Belmullet Wave Buoy Berth B,4.54,10.48,1.7862,9.22,1
1,2010-01-20T20:30:00Z,54.233933,-10.1429,Belmullet Wave Buoy Berth B,5.3,12.02,1.8771,9.51,1
1,2010-01-20T21:00:00Z,54.233933,-10.1429,Belmullet Wave Buoy Berth B,4.46,11.08,1.9558,9.41,1
1,2010-01-20T21:30:00Z,54.233933,-10.1429,Belmullet Wave Buoy Berth B,4.51,13.68,1.7708,9.42,1
1,2010-01-20T22:00:00Z,54.233933,-10.1429,Belmullet Wave Buoy Berth B,5.3,12.75,1.7897,8.81,1
1,2010-01-20T22:30:00Z,54.233933,-10.1429,Belmullet Wave Buoy Berth B,5.18,11.12,1.848,9.44,1
1,2010-01-20T23:00:00Z,54.233933,-10.1429,Belmullet Wave Buoy Berth B,5.13,11.27,1.7994,9.37,1
1,2010-01-20T23:30:00Z,54.233933,-10.1429,Belmullet Wave Buoy Berth B,5.14,12.51,1.9115,9.45,1
1,2010-01-21T00:00:00Z,54.233933,-10.1429,Belmullet Wave Buoy Berth B,4.23,13.72,1.8288,9.49,1
1,2010-01-21T00:30:00Z,54.233933,-10.1429,Belmullet Wave Buoy Berth B,4.57,13.81,1.8891,9.61,1
1,2010-01-21T01:00:00Z,54.233933,-10.1429,Belmullet Wave Buoy Berth B,5.23,11.32,1.7959,9.34,1
1,2010-01-21T01:30:00Z,54.233933,-10.1429,Belmullet Wave Buoy Berth B,4.54,10.7,1.604,8.79,1
1,2010-01-21T02:00:00Z,54.233933,-10.1429,Belmullet Wave Buoy Berth B,5.18,11.71,1.8423,9.49,1
1,2010-01-21T02:30:00Z,54.233933,-10.1429,Belmullet Wave Buoy Berth B,5.23,12.46,2.0014,9.71,1
1,2010-01-21T03:00:00Z,54.233933,-10.1429,Belmullet Wave Buoy Berth B,4.43,13.09,1.6912,8.75,1
1,2010-01-21T03:30:00Z,54.233933,-10.1429,Belmullet Wave Buoy Berth B,4.22,12.42,1.6515,8.8,1
1,2010-01-21T04:00:00Z,54.233933,-10.1429,Belmullet Wave Buoy Berth B,4.97,13.89,1.6134,8.36,1
1,2010-01-21T04:30:00Z,54.233933,-10.1429,Belmullet Wave Buoy Berth B,4.15,11.26,1.5248,8.47,1
1,2010-01-21T05:00:00Z,54.233933,-10.1429,Belmullet Wave Buoy Berth B,3.75,13.74,1.4897,7.88,1
1,2010-01-21T05:30:00Z,54.233933,-10.1429,Belmullet Wave Buoy Berth B,4.43,12.03,1.3992,7.64,1
1,2010-01-21T06:00:00Z,54.233933,-10.1429,Belmullet Wave Buoy Berth B,4.04,14.52,1.3729,7.09,1
1,2010-01-21T06:30:00Z,54.233933,-10.1429,Belmullet Wave Buoy Berth B,4.53,9.24,1.6126,8.13,1
1,2010-01-21T07:00:00Z,54.233933,-10.1429,Belmullet Wave Buoy Berth B,4.3,9.43,1.5422,7.63,1
1,2010-01-21T07:30:00Z,54.233933,-10.1429,Belmullet Wave Buoy Berth B,3.88,10.8,1.4628,7.07,1
1,2010-01-21T08:00:00Z,54.233933,-10.1429,Belmullet Wave Buoy Berth B,4.48,9.87,1.6307,7.49,1
1,2010-01-21T08:30:00Z,54.233933,-10.1429,Belmullet Wave Buoy Berth B,4.57,8.72,1.6202,7.36,1
1,2010-01-21T09:00:00Z,54.233933,-10.1429,Belmullet Wave Buoy Berth B,4.96,10.48,1.7125,7.4,1
1,2010-01-21T09:30:00Z,54.233933,-10.1429,Belmullet Wave Buoy Berth B,7.18,11.13,1.9175,7.92,1
1,2010-01-21T10:00:00Z,54.233933,-10.1429,Belmullet Wave Buoy Berth B,5.51,10.27,1.7925,7.74,1
1,2010-01-21T10:30:00Z,54.233933,-10.1429,Belmullet Wave Buoy Berth B,4.1,10.42,1.8081,7.66,1
1,2010-01-21T11:00:00Z,54.233933,-10.1429,Belmullet Wave Buoy Berth B,5.52,11.01,2.093,8.25,1
1,2010-01-21T11:30:00Z,54.233933,-10.1429,Belmullet Wave Buoy Berth B,5.3,9.43,1.8862,7.82,1
1,2010-01-21T12:00:00Z,54.233933,-10.1429,Belmullet Wave Buoy Berth B,5.22,11.34,2.0862,8.31,1
1,2010-01-21T12:30:00Z,54.233933,-10.1429,Belmullet Wave Buoy Berth B,4.85,10.08,2.0697,8.3,1
1,2010-01-21T13:00:00Z,54.233933,-10.1429,Belmullet Wave Buoy Berth B,5.07,11.46,2.039,8.14,1
1,2010-01-21T13:30:00Z,54.233933,-10.1429,Belmullet Wave Buoy Berth B,5.11,12.15,2.084,8.51,1
1,2010-01-21T14:00:00Z,54.233933,-10.1429,Belmullet Wave Buoy Berth B,5.64,11.4,1.9983,8.28,1
1,2010-01-21T14:30:00Z,54.233933,-10.1429,Belmullet Wave Buoy Berth B,5.24,10.3,2.0557,8.37,1
1,2010-01-21T15:00:00Z,54.233933,-10.1429,Belmullet Wave Buoy Berth B,6,11.5,1.9821,8.02,1
1,2010-01-21T15:30:00Z,54.233933,-10.1429,Belmullet Wave Buoy Berth B,6.52,11.16,2.2853,8.74,1
1,2010-01-21T16:00:00Z,54.233933,-10.1429,Belmullet Wave Buoy Berth B,5.77,11,2.1569,8.42,1
1,2010-01-21T16:30:00Z,54.233933,-10.1429,Belmullet Wave Buoy Berth B,5.26,11.22,2.0011,8.22,1
1,2010-01-21T17:00:00Z,54.233933,-10.1429,Belmullet Wave Buoy Berth B,6.05,12.01,1.8079,7.76,1
1,2010-01-21T17:30:00Z,54.233933,-10.1429,Belmullet Wave Buoy Berth B,4.88,10.67,1.946,8.3,1
1,2010-01-21T18:00:00Z,54.233933,-10.1429,Belmullet Wave Buoy Berth B,5.39,12.48,2.0585,8.32,1
1,2010-01-21T18:30:00Z,54.233933,-10.1429,Belmullet Wave Buoy Berth B,4.74,11.71,1.7874,8.24,1
1,2010-01-21T19:00:00Z,54.233933,-10.1429,Belmullet Wave Buoy Berth B,5.15,11.74,2.0763,8.69,1
1,2010-01-21T19:30:00Z,54.233933,-10.1429,Belmullet Wave Buoy Berth B,5.01,11.44,2.0133,8.63,1
1,2010-01-21T20:00:00Z,54.233933,-10.1429,Belmullet Wave Buoy Berth B,5.63,12.08,2.115,8.51,1
1,2010-01-21T20:30:00Z,54.233933,-10.1429,Belmullet Wave Buoy Berth B,5.43,11.37,2.3208,9.44,1
1,2010-01-21T21:00:00Z,54.233933,-10.1429,Belmullet Wave Buoy Berth B,5.37,11.95,1.9629,8.23,1
1,2010-01-21T21:30:00Z,54.233933,-10.1429,Belmullet Wave Buoy Berth B,5.02,12.01,1.9529,8.22,1
1,2010-01-21T22:00:00Z,54.233933,-10.1429,Belmullet Wave Buoy Berth B,7.06,10.86,2.3472,8.77,1
1,2010-01-21T22:30:00Z,54.233933,-10.1429,Belmullet Wave Buoy Berth B,5.65,10.25,2.1975,8.76,1
1,2010-01-21T23:00:00Z,54.233933,-10.1429,Belmullet Wave Buoy Berth B,5.37,11.09,2.3771,8.99,1
1,2010-01-21T23:30:00Z,54.233933,-10.1429,Belmullet Wave Buoy Berth B,6.07,11.76,2.2755,8.46,1
1,2010-01-22T00:00:00Z,54.233933,-10.1429,Belmullet Wave Buoy Berth B,5.94,14.53,2.254,8.46,1
1,2010-01-22T00:30:00Z,54.233933,-10.1429,Belmullet Wave Buoy Berth B,7.36,11.31,2.2388,8.23,1
1,2010-01-22T01:00:00Z,54.233933,-10.1429,Belmullet Wave Buoy Berth B,5.32,10.82,2.0846,8.16,1
1,2010-01-22T01:30:00Z,54.233933,-10.1429,Belmullet Wave Buoy Berth B,5.86,10.24,2.0938,8.34,1
1,2010-01-22T02:00:00Z,54.233933,-10.1429,Belmullet Wave Buoy Berth B,5.86,11.18,2.3844,8.72,1
1,2010-01-22T02:30:00Z,54.233933,-10.1429,Belmullet Wave Buoy Berth B,5.43,10.72,1.9852,7.82,1
1,2010-01-22T03:00:00Z,54.233933,-10.1429,Belmullet Wave Buoy Berth B,5.21,9.78,2.1911,8.17,1
1,2010-01-22T03:30:00Z,54.233933,-10.1429,Belmullet Wave Buoy Berth B,5.97,12.24,2.1919,8.03,1
1,2010-01-22T04:00:00Z,54.233933,-10.1429,Belmullet Wave Buoy Berth B,5.17,11.16,2.0596,7.87,1
1,2010-01-22T04:30:00Z,54.233933,-10.1429,Belmullet Wave Buoy Berth B,6.82,10.21,2.278,8.32,1
1,2010-01-22T05:00:00Z,54.233933,-10.1429,Belmullet Wave Buoy Berth B,5.64,12.02,2.0643,8.37,1
1,2010-01-22T05:30:00Z,54.233933,-10.1429,Belmullet Wave Buoy Berth B,4.87,10.12,2.0916,7.94,1
1,2010-01-22T06:00:00Z,54.233933,-10.1429,Belmullet Wave Buoy Berth B,5.72,11.16,2.0637,7.72,1
1,2010-01-22T06:30:00Z,54.233933,-10.1429,Belmullet Wave Buoy Berth B,5.19,10.76,2.2429,8.51,1
1,2010-01-22T07:00:00Z,54.233933,-10.1429,Belmullet Wave Buoy Berth B,4.98,12.65,2.0486,7.96,1
1,2010-01-22T07:30:00Z,54.233933,-10.1429,Belmullet Wave Buoy Berth B,5.47,11.56,1.9421,7.64,1
1,2010-01-22T08:00:00Z,54.233933,-10.1429,Belmullet Wave Buoy Berth B,5.46,9.83,2.0761,8.22,1
1,2010-01-22T08:30:00Z,54.233933,-10.1429,Belmullet Wave Buoy Berth B,5.95,9.8,2.1343,8.17,1
1,2010-01-22T09:00:00Z,54.233933,-10.1429,Belmullet Wave Buoy Berth B,5.84,10.37,2.1403,8.34,1
1,2010-01-22T09:30:00Z,54.233933,-10.1429,Belmullet Wave Buoy Berth B,6.54,11.99,2.1406,8.31,1
1,2010-01-22T10:00:00Z,54.233933,-10.1429,Belmullet Wave Buoy Berth B,5.62,9.44,2.1136,8.07,1
1,2010-01-22T10:30:00Z,54.233933,-10.1429,Belmullet Wave Buoy Berth B,5.46,11.69,1.9283,8.02,1
1,2010-01-22T11:00:00Z,54.233933,-10.1429,Belmullet Wave Buoy Berth B,5.53,9.92,1.9075,7.97,1
1,2010-01-22T11:30:00Z,54.233933,-10.1429,Belmullet Wave Buoy Berth B,6.27,10.86,2.0673,8.46,1
1,2010-01-22T12:00:00Z,54.233933,-10.1429,Belmullet Wave Buoy Berth B,4.94,9.89,1.8794,7.79,1
1,2010-01-22T12:30:00Z,54.233933,-10.1429,Belmullet Wave Buoy Berth B,5.39,10.99,1.7493,7.43,1
1,2010-01-22T13:00:00Z,54.233933,-10.1429,Belmullet Wave Buoy Berth B,6.36,9.64,1.9462,8.42,1
1,2010-01-22T13:30:00Z,54.233933,-10.1429,Belmullet Wave Buoy Berth B,4.66,11.82,2.1156,8.99,1
1,2010-01-22T14:00:00Z,54.233933,-10.1429,Belmullet Wave Buoy Berth B,5.13,9.2,2.0386,8.78,1
1,2010-01-22T14:30:00Z,54.233933,-10.1429,Belmullet Wave Buoy Berth B,4.95,10.14,2.0034,8.71,1
1,2010-01-22T15:00:00Z,54.233933,-10.1429,Belmullet Wave Buoy Berth B,4.79,10.94,2.0648,8.76,1
1,2010-01-22T15:30:00Z,54.233933,-10.1429,Belmullet Wave Buoy Berth B,4.98,9.5,1.8812,8.32,1
1,2010-01-22T16:00:00Z,54.233933,-10.1429,Belmullet Wave Buoy Berth B,4.86,10.74,2.0259,8.58,1
1,2010-01-22T16:30:00Z,54.233933,-10.1429,Belmullet Wave Buoy Berth B,5.68,10.75,1.7465,8,1
1,2010-01-22T17:00:00Z,54.233933,-10.1429,Belmullet Wave Buoy Berth B,4.5,10.79,1.8968,8.57,1
1,2010-01-22T17:30:00Z,54.233933,-10.1429,Belmullet Wave Buoy Berth B,5.05,9.97,1.9472,8.58,1
1,2010-01-22T18:00:00Z,54.233933,-10.1429,Belmullet Wave Buoy Berth B,5.26,10.75,1.8671,8.43,1
1,2010-01-22T18:30:00Z,54.233933,-10.1429,Belmullet Wave Buoy Berth B,4.24,9.64,1.9592,8.72,1
1,2010-01-22T19:00:00Z,54.233933,-10.1429,Belmullet Wave Buoy Berth B,4.75,10.39,1.8182,8.54,1
1,2010-01-22T19:30:00Z,54.233933,-10.1429,Belmullet Wave Buoy Berth B,3.82,10.66,1.6322,7.68,1
1,2010-01-22T20:00:00Z,54.233933,-10.1429,Belmullet Wave Buoy Berth B,5.24,9.95,1.7708,8.31,1
1,2010-01-22T20:30:00Z,54.233933,-10.1429,Belmullet Wave Buoy Berth B,4.18,11.73,1.7999,8.5,1
1,2010-01-22T21:00:00Z,54.233933,-10.1429,Belmullet Wave Buoy Berth B,4.22,10.67,1.7218,8.17,1
1,2010-01-22T21:30:00Z,54.233933,-10.1429,Belmullet Wave Buoy Berth B,4.67,10.11,1.8042,8.34,1
1,2010-01-22T22:00:00Z,54.233933,-10.1429,Belmullet Wave Buoy Berth B,4.51,9.77,1.9397,9.06,1
1,2010-01-22T22:30:00Z,54.233933,-10.1429,Belmullet Wave Buoy Berth B,4.47,9.28,1.6786,7.84,1
1,2010-01-22T23:00:00Z,54.233933,-10.1429,Belmullet Wave Buoy Berth B,5.61,10.46,1.9473,8.61,1
1,2010-01-22T23:30:00Z,54.233933,-10.1429,Belmullet Wave Buoy Berth B,5.29,10.9,1.9263,8.57,1
1,2010-01-23T00:00:00Z,54.233933,-10.1429,Belmullet Wave Buoy Berth B,4.78,11.01,1.9542,9.15,1
1,2010-01-23T00:30:00Z,54.233933,-10.1429,Belmullet Wave Buoy Berth B,5.59,10.41,1.7503,8.27,1
1,2010-01-23T01:00:00Z,54.233933,-10.1429,Belmullet Wave Buoy Berth B,3.97,10.29,1.6689,7.89,1
1,2010-01-23T01:30:00Z,54.233933,-10.1429,Belmullet Wave Buoy Berth B,4.68,9.38,1.8313,8.61,1
1,2010-01-23T02:00:00Z,54.233933,-10.1429,Belmullet Wave Buoy Berth B,5.44,11.67,1.6981,7.96,1
1,2010-01-23T02:30:00Z,54.233933,-10.1429,Belmullet Wave Buoy Berth B,4.93,9.38,1.7059,8.29,1
1,2010-01-23T03:00:00Z,54.233933,-10.1429,Belmullet Wave Buoy Berth B,4.92,9.48,1.7152,8.22,1
1,2010-01-23T03:30:00Z,54.233933,-10.1429,Belmullet Wave Buoy Berth B,4.29,10.78,1.6781,8.45,1
1,2010-01-23T04:00:00Z,54.233933,-10.1429,Belmullet Wave Buoy Berth B,4.14,9.61,1.6364,8.22,1
1,2010-01-23T04:30:00Z,54.233933,-10.1429,Belmullet Wave Buoy Berth B,4.23,10.51,1.7654,8.58,1
1,2010-01-23T05:00:00Z,54.233933,-10.1429,Belmullet Wave Buoy Berth B,3.92,7.46,1.5974,8.06,1
1,2010-01-23T05:30:00Z,54.233933,-10.1429,Belmullet Wave Buoy Berth B,3.98,8.46,1.5506,8.05,1
1,2010-01-23T06:00:00Z,54.233933,-10.1429,Belmullet Wave Buoy Berth B,4.94,10.68,1.6603,8.17,1
1,2010-01-23T06:30:00Z,54.233933,-10.1429,Belmullet Wave Buoy Berth B,4.18,8.98,1.7046,8.44,1
1,2010-01-23T07:00:00Z,54.233933,-10.1429,Belmullet Wave Buoy Berth B,4.59,10.73,1.6839,8.31,1
1,2010-01-23T07:30:00Z,54.233933,-10.1429,Belmullet Wave Buoy Berth B,5.62,11.45,1.8146,8.58,1
1,2010-01-23T08:00:00Z,54.233933,-10.1429,Belmullet Wave Buoy Berth B,5.43,8.37,1.7373,8.38,1
1,2010-01-23T08:30:00Z,54.233933,-10.1429,Belmullet Wave Buoy Berth B,5.05,10.9,1.7949,8.78,1
1,2010-01-23T09:00:00Z,54.233933,-10.1429,Belmullet Wave Buoy Berth B,5.5,10.93,1.89,8.78,1
1,2010-01-23T09:30:00Z,54.233933,-10.1429,Belmullet Wave Buoy Berth B,5.18,9.79,1.7323,8.55,1
1,2010-01-23T10:00:00Z,54.233933,-10.1429,Belmullet Wave Buoy Berth B,4.5,11.16,1.9004,8.97,1
1,2010-01-23T10:30:00Z,54.233933,-10.1429,Belmullet Wave Buoy Berth B,4.13,10.19,1.7053,8.23,1
1,2010-01-23T11:00:00Z,54.233933,-10.1429,Belmullet Wave Buoy Berth B,4.98,10.65,1.9183,9.15,1
1,2010-01-23T11:30:00Z,54.233933,-10.1429,Belmullet Wave Buoy Berth B,4.27,10.7,1.7655,8.62,1
1,2010-01-23T12:00:00Z,54.233933,-10.1429,Belmullet Wave Buoy Berth B,5.12,9.77,1.8365,8.77,1
1,2010-01-23T12:30:00Z,54.233933,-10.1429,Belmullet Wave Buoy Berth B,4.49,10.88,1.8342,9.03,1
1,2010-01-23T13:00:00Z,54.233933,-10.1429,Belmullet Wave Buoy Berth B,4.74,10.73,1.5917,8.36,1
1,2010-01-23T13:30:00Z,54.233933,-10.1429,Belmullet Wave Buoy Berth B,5.41,10.87,1.7975,8.76,1
1,2010-01-23T14:00:00Z,54.233933,-10.1429,Belmullet Wave Buoy Berth B,4.67,10.49,1.8454,8.84,1
1,2010-01-23T14:30:00Z,54.233933,-10.1429,Belmullet Wave Buoy Berth B,4.83,10.58,1.7496,8.61,1
1,2010-01-23T15:00:00Z,54.233933,-10.1429,Belmullet Wave Buoy Berth B,4.27,11.61,1.7836,8.83,1
1,2010-01-23T15:30:00Z,54.233933,-10.1429,Belmullet Wave Buoy Berth B,4.31,9.17,1.7094,8.44,1
1,2010-01-23T16:00:00Z,54.233933,-10.1429,Belmullet Wave Buoy Berth B,4.43,9.63,1.867,9.02,1
1,2010-01-23T16:30:00Z,54.233933,-10.1429,Belmullet Wave Buoy Berth B,4.75,10.42,1.7008,8.77,1
1,2010-01-23T17:00:00Z,54.233933,-10.1429,Belmullet Wave Buoy Berth B,4.69,10.7,1.6592,8.77,1
1,2010-01-23T17:30:00Z,54.233933,-10.1429,Belmullet Wave Buoy Berth B,4.73,9.85,1.6048,8.32,1
1,2010-01-23T18:00:00Z,54.233933,-10.1429,Belmullet Wave Buoy Berth B,5.09,10.99,1.6828,8.76,1
1,2010-01-23T18:30:00Z,54.233933,-10.1429,Belmullet Wave Buoy Berth B,5.04,11.46,1.8323,9.26,1
1,2010-01-23T19:00:00Z,54.233933,-10.1429,Belmullet Wave Buoy Berth B,3.85,10.96,1.5372,8.59,1
1,2010-01-23T19:30:00Z,54.233933,-10.1429,Belmullet Wave Buoy Berth B,4.29,10.79,1.8032,9.1,1
1,2010-01-23T20:00:00Z,54.233933,-10.1429,Belmullet Wave Buoy Berth B,4.64,10.79,1.5799,8.52,1
1,2010-01-23T20:30:00Z,54.233933,-10.1429,Belmullet Wave Buoy Berth B,3.84,11.21,1.575,8.63,1
1,2010-01-23T21:00:00Z,54.233933,-10.1429,Belmullet Wave Buoy Berth B,4.21,10.45,1.5281,8.81,1
1,2010-01-23T21:30:00Z,54.233933,-10.1429,Belmullet Wave Buoy Berth B,4.23,10.2,1.4781,8.4,1
1,2010-01-23T22:00:00Z,54.233933,-10.1429,Belmullet Wave Buoy Berth B,4.35,12.76,1.6307,9.04,1
1,2010-01-23T22:30:00Z,54.233933,-10.1429,Belmullet Wave Buoy Berth B,4.27,11.14,1.5574,8.88,1
1,2010-01-23T23:00:00Z,54.233933,-10.1429,Belmullet Wave Buoy Berth B,3.19,10.49,1.5093,8.87,1
1,2010-01-23T23:30:00Z,54.233933,-10.1429,Belmullet Wave Buoy Berth B,4.55,10.44,1.4486,8.55,1
1,2010-01-24T00:00:00Z,54.233933,-10.1429,Belmullet Wave Buoy Berth B,3.97,11.66,1.4811,8.93,1
1,2010-01-24T00:30:00Z,54.233933,-10.1429,Belmullet Wave Buoy Berth B,3.69,11.03,1.3218,8.41,1
1,2010-01-24T01:00:00Z,54.233933,-10.1429,Belmullet Wave Buoy Berth B,3.76,10.65,1.3475,8.43,1
1,2010-01-24T01:30:00Z,54.233933,-10.1429,Belmullet Wave Buoy Berth B,3.71,10.47,1.3042,8.23,1
1,2010-01-24T02:00:00Z,54.233933,-10.1429,Belmullet Wave Buoy Berth B,3.94,11.8,1.3,8.33,1
1,2010-01-24T02:30:00Z,54.233933,-10.1429,Belmullet Wave Buoy Berth B,3.37,8.72,1.3592,8.89,1
1,2010-01-24T03:00:00Z,54.233933,-10.1429,Belmullet Wave Buoy Berth B,3.64,10.2,1.4024,9.08,1
1,2010-01-24T03:30:00Z,54.233933,-10.1429,Belmullet Wave Buoy Berth B,3.04,10.19,1.2487,8.46,1
1,2010-01-24T04:00:00Z,54.233933,-10.1429,Belmullet Wave Buoy Berth B,3.19,9.86,1.1876,8.25,1
1,2010-01-24T04:30:00Z,54.233933,-10.1429,Belmullet Wave Buoy Berth B,3.02,10.79,1.2,8.84,1
1,2010-01-24T05:00:00Z,54.233933,-10.1429,Belmullet Wave Buoy Berth B,3.01,10.81,1.3832,9.14,1
1,2010-01-24T05:30:00Z,54.233933,-10.1429,Belmullet Wave Buoy Berth B,3.65,10.82,1.1162,8.19,1
1,2010-01-24T06:00:00Z,54.233933,-10.1429,Belmullet Wave Buoy Berth B,3.64,10.43,1.1689,8.42,1
1,2010-01-24T06:30:00Z,54.233933,-10.1429,Belmullet Wave Buoy Berth B,2.89,12,1.3011,9.01,1
1,2010-01-24T07:00:00Z,54.233933,-10.1429,Belmullet Wave Buoy Berth B,3.47,10.86,1.2689,9.09,1
1,2010-01-24T07:30:00Z,54.233933,-10.1429,Belmullet Wave Buoy Berth B,3.89,12.12,1.4319,8.89,1
1,2010-01-24T08:00:00Z,54.233933,-10.1429,Belmullet Wave Buoy Berth B,3.4,12.37,1.3092,8.62,1
1,2010-01-24T08:30:00Z,54.233933,-10.1429,Belmullet Wave Buoy Berth B,3.64,10.8,1.4309,9.15,1
1,2010-01-24T09:00:00Z,54.233933,-10.1429,Belmullet Wave Buoy Berth B,4.1,13.54,1.4994,9.31,1
1,2010-01-24T09:30:00Z,54.233933,-10.1429,Belmullet Wave Buoy Berth B,3.81,12.21,1.4205,8.47,1
